Name,Start,End,Size
entry,0x00100008,0x001000B4,172
_exit,0x001000B8,0x001000C0,8
_f_ulltof,0x001000D0,0x0010010C,60
_dpflt,0x00100110,0x00100130,32
_dpfgt,0x00100130,0x00100150,32
_dpfge,0x00100150,0x00100174,36
mwInit,0x00100180,0x001001C0,64
mwBload,0x001001C0,0x001002C0,256
mwLoadOverlay,0x001002C0,0x00100368,168
InitFirst__6ccHeapFv,0x00100370,0x001004F4,388
SearchFree__10ccHeapFreeFUi,0x00100500,0x0010059C,156
AddTbl__10ccHeapFreeFUi,0x001005A0,0x001006B8,280
_ccMalloc__FUiUiUii,0x001006C0,0x00100958,664
_ccFree__FPv,0x00100960,0x00100B00,416
ccMemReduce__FPvUi,0x00100B00,0x00100C20,288
ccMalloc__FUi,0x00100C20,0x00100C34,20
ccMallocB__FUi,0x00100C40,0x00100C54,20
ccMemalign__FUiUi,0x00100C60,0x00100C6C,12
ccMemalignB__FUiUi,0x00100C70,0x00100C7C,12
ccFree__FPv,0x00100C80,0x00100C88,8
__nw__FUi,0x00100C90,0x00100CA4,20
__dl__FPv,0x00100CB0,0x00100CB8,8
ccPrtChunkName__FP12ccChunkIndex,0x00100CC0,0x00100CC8,8
MenuFunc__13ccSysMenuItemFv,0x00100CD0,0x00100E14,324
MenuFunc__18ccSysMenuItemOnOffFv,0x00100E20,0x00100FB8,408
MenuFunc__17ccSysMenuItemPushFv,0x00100FC0,0x0010113C,380
MenuFunc__16ccSysMenuItemSelFv,0x00101140,0x0010130C,460
MenuFunc__9ccSysMenuFv,0x00101310,0x00101474,356
MenuFunc__12ccSysSubMenuFv,0x00101480,0x001017A4,804
ccCmpChunkName__FPCcPCc,0x001017B0,0x00101820,112
ccCmpChunkPathName__FPCcPCcP12ccChunkIndexi,0x00101820,0x001019C4,420
ccSetSearchChunkName__FR17ccSearchChunkNamePCc,0x001019D0,0x00101A4C,124
ccGetExternalIndex__FPC12ccChunkIndex,0x00101A50,0x00101AA0,80
ccGetExternalCCSIndex__FPC12ccChunkIndex,0x00101AA0,0x00101AC8,40
ccMatchIndex__FRC17ccSearchChunkNamePC12ccChunkIndex,0x00101AD0,0x00101C1C,332
Reset__19ccChunkSearchResultFUs,0x00101C20,0x00101C84,100
SetTbl__19ccChunkSearchResultFP12ccChunkBasis,0x00101C90,0x00101DA8,280
Reset__19ccSubstSearchResultFUs,0x00101DB0,0x00101E14,100
SetTbl__19ccSubstSearchResultFPvUs,0x00101E20,0x00101F58,312
ccSetViewScreenClipMatrix__FPA4_fPA4_fPA4_ffffffffff,0x00101F60,0x0010218C,556
ccRotate__FRff,0x00102190,0x00102228,152
ccMatchStr2__FPCcPCcPCci,0x00102230,0x001022C0,144
ccMatchStr__FPCcPCc,0x001022C0,0x00102384,196
SetAnalogStick__FPfPUcii,0x00102390,0x001024FC,364
Init__5ccPadFUcUc,0x00102500,0x0010267C,380
Ctrl__5ccPadFv,0x00102680,0x00102BE4,1380
SetActuater__5ccPadFiii,0x00102BF0,0x00102D34,324
Read__5ccPadFv,0x00102D40,0x0010320C,1228
ccPadThread__FP6ccTscb,0x00103210,0x00103410,512
ccGetTexBuffSizeSub__FUcUsUs,0x00103410,0x001036F4,740
ccGetTexTransSize__FUcUsUs,0x00103700,0x001037B0,176
ccGetTexTransW__FUcUs,0x001037B0,0x001037FC,76
__ct__13ccFrameBufferFv,0x00103800,0x001038C4,196
ccGetBuffAdrs__FUcss,0x001038D0,0x00103A5C,396
ccGetPageAdrs__FUcss,0x00103A60,0x00103B0C,172
Init__12ccDrawPacketFi,0x00103B10,0x00103BC0,176
UnifyFreeWorkAll__12ccDrawPacketFv,0x00103BC0,0x00103CD0,272
GetFreeWork__12ccDrawPacketFiRP15ccDrawPacketTag,0x00103CD0,0x00103D8C,188
SearchFreeWork__12ccDrawPacketFiRP15ccDrawPacketTagi,0x00103D90,0x00103E78,232
__ct__16ccDrawPacketCtrlFv,0x00103E80,0x00103EB0,48
GetWork__16ccDrawPacketCtrlFi,0x00103EB0,0x00103F6C,188
Init__9ccBltDataFUcUcUsUs,0x00103F70,0x00104120,432
MakePacketLoadDataSub__9ccBltDataFP7ccLayeriP10_sceDmaTag,0x00104120,0x001041A4,132
MakePacketLoadDataSub__9ccBltDataFP7ccLayerP10_sceDmaTag,0x001041B0,0x001044D0,800
LoadData__9ccBltDataFv,0x001044D0,0x00104560,144
SetDataAdrs__9ccBltDataFP1,0x00104560,0x001045A4,68
__ct__8ccBltGrpFv,0x001045B0,0x001045C0,16
__dt__8ccBltGrpFv,0x001045C0,0x00104658,152
SetBuffAdrs__8ccBltGrpFs,0x00104660,0x001046B8,88
AddBltInfo__8ccBltGrpFP9ccBltData,0x001046C0,0x001046E8,40
AddLoadImageDL__8ccBltGrpFP7ccLayer,0x001046F0,0x001049D4,740
GetWindowPos__6ccViewFPi,0x001049E0,0x00104A2C,76
GetScreenClip__6ccViewFPf,0x00104A30,0x00104A54,36
GetScreenClip__6ccViewFPi,0x00104A60,0x00104AA0,64
ApplyLayerScreenMatrix__6ccViewFPiPf,0x00104AA0,0x00104AD4,52
SetFrame__6ccViewFffffffff,0x00104AE0,0x00104E40,864
SetAspect__6ccViewFff,0x00104E40,0x0010507C,572
SetLayerCenter__6ccViewFff,0x00105080,0x001052BC,572
SetView__6ccViewFRC5ccCamPA4_f,0x001052C0,0x00105494,468
__ct__9ccDrawEnvFv,0x001054A0,0x001054D0,48
Reset__9ccDrawEnvFv,0x001054D0,0x001055A8,216
SetMipmap__9ccDrawEnvFii,0x001055B0,0x001055E8,56
SetMipmapMode__9ccDrawEnvFii,0x001055F0,0x0010562C,60
SetLightNormal__9ccDrawEnvFPfPfPf,0x00105630,0x00105638,8
SetLightColor__9ccDrawEnvFPfPfPfPf,0x00105640,0x001056DC,156
SetAmbient__9ccDrawEnvFPf,0x001056E0,0x001056FC,28
SetAmbient__9ccDrawEnvFUi,0x00105700,0x00105748,72
GetAmbient__9ccDrawEnvFv,0x00105750,0x001057C8,120
GetAmbient__9ccDrawEnvFPf,0x001057D0,0x001057EC,28
SetFogBlend__9ccDrawEnvFfUi,0x001057F0,0x00105804,20
ResetFogBlend__9ccDrawEnvFv,0x00105810,0x00105818,8
SetFog__9ccDrawEnvFffffUi,0x00105820,0x0010588C,108
SetFog__9ccDrawEnvFffUi,0x00105890,0x001058E8,88
CheckRange__7ccLightFP14ccLightSetInfoPf,0x001058F0,0x001058FC,12
SetLightMatrix__9ccDrawEnvFPA4_fPA4_fPf,0x00105900,0x00105BDC,732
EigenVector__FPfPfPA4_f,0x00105BE0,0x00105DFC,540
EigenVec2Mat__FPA4_fPfPf,0x00105E00,0x00105EB8,184
m2a__FPfPA4_f,0x00105EC0,0x00105F78,184
a2m__FPA4_fPf,0x00105F80,0x00106170,496
Init__13ccRasterNoizeFP7ccLayer,0x00106170,0x001061D8,104
SetYH__13ccRasterNoizeFii,0x001061E0,0x0010627C,156
SetY__13ccRasterNoizeFi,0x00106280,0x001062C4,68
SetTex__13ccRasterNoizeFUiUi,0x001062D0,0x0010631C,76
SetNoize__13ccRasterNoizeFi,0x00106320,0x001063C8,168
MakePacket__13ccRasterNoizeFv,0x001063D0,0x0010684C,1148
__ct__15ccBufferReverceFv,0x00106850,0x00106878,40
Init__15ccBufferReverceFv,0x00106880,0x00106888,8
MakePacket__15ccBufferReverceFv,0x00106890,0x00106AE4,596
__ct__16ccBufferSamplingFv,0x00106AF0,0x00106B18,40
Init__16ccBufferSamplingFv,0x00106B20,0x00106BA8,136
SetReflex__16ccBufferSamplingFffUi,0x00106BB0,0x00106BEC,60
SetShade__16ccBufferSamplingFifUi,0x00106BF0,0x00106C68,120
SetShade__16ccBufferSamplingFiiiiifUi,0x00106C70,0x00106D1C,172
iFuncBuffSampling0__FP9bsPacket0,0x00106D20,0x00106D64,68
iFuncBuffSampling1__FP9bsPacket1,0x00106D70,0x00106DC4,84
MakePacket__16ccBufferSamplingFP7ccLayer,0x00106DD0,0x00108100,4912
StoreDLNode__12ccDLSortNodeFP16ccDrawPacketCtrl,0x00108100,0x00108160,96
AddPacketBack__16ccDrawPacketCtrlFP10_sceDmaTagP10_sceDmaTag,0x00108160,0x001081C4,100
Add__8ccDLSortFfP10_sceDmaTagP10_sceDmaTag,0x001081D0,0x0010825C,140
Init__7ccLayerFsP6ccView,0x00108260,0x001083C4,356
__dt__7ccLayerFv,0x001083D0,0x0010853C,364
Refresh__7ccLayerFv,0x00108540,0x00108568,40
AddAll__7ccLayerFP10_sceDmaTag,0x00108570,0x0010882C,700
OffFlipExcept__7ccLayerFv,0x00108830,0x001088A8,120
OnFlipExcept__7ccLayerFv,0x001088B0,0x00108928,120
Add__7ccLayerFv,0x00108930,0x00108978,72
Del__7ccLayerFv,0x00108980,0x001089C0,64
iFuncDrawBuffTrans__FP15BuffTransPacket,0x001089C0,0x00108A0C,76
ccMakePacketDrawBuffTrans__FUiUiUiUiUiPiP7ccLayer,0x00108A10,0x00108E24,1044
MakePacketDrawBuffTrans__7ccLayerFP10ccTexChunk,0x00108E30,0x001092E8,1208
Open__10ccPcmSoundFv,0x001092F0,0x001093AC,188
StartPlay__10ccPcmSoundFv,0x001093B0,0x001093F4,68
NextData__10ccPcmSoundFv,0x00109400,0x00109464,100
EndPlay__10ccPcmSoundFv,0x00109470,0x001094B4,68
__dt__10ccPcmSoundFv,0x001094C0,0x00109514,84
Close__10ccPcmSoundFv,0x00109520,0x0010955C,60
GetWriteBlock__10ccPcmSoundFv,0x00109560,0x001095B8,88
SetWriteBlock__10ccPcmSoundFv,0x001095C0,0x00109638,120
PlayThread__10ccPcmSoundFP6ccTscb,0x00109640,0x00109878,568
ccPsmSoundPlayTh__FP6ccTscb,0x00109880,0x0010988C,12
DmacVIF1__Fv,0x00109890,0x001099E0,336
VSyncCallBack__Fv,0x001099E0,0x00109A08,40
InitCCSys__Fv,0x00109A10,0x0010A5E8,3000
Ctrl__8ccSystemFv,0x0010A5F0,0x0010A888,664
ccRefrashDL__Fv,0x0010A890,0x0010A8F4,100
Init__8ccSystemFv,0x0010A900,0x0010AA00,256
RefrashDMA__8ccSystemFv,0x0010AA00,0x0010AA7C,124
SendDMA__8ccSystemFv,0x0010AA80,0x0010AB28,168
SetDisplayOffset__8ccSystemFii,0x0010AB30,0x0010AC38,264
SwapDoubleBuffer__8ccSystemFi,0x0010AC40,0x0010AD00,192
SetFrameRate__8ccSystemFi,0x0010AD00,0x0010AD0C,12
GetFrameRate__8ccSystemFv,0x0010AD10,0x0010AD18,8
SetScreenMode__8ccSystemFUsUsUi,0x0010AD20,0x0010AD34,20
SetScreenModeMain__8ccSystemFv,0x0010AD40,0x0010B624,2256
__destroy_new_array,0x0010B630,0x0010B6CC,156
__destroy_arr,0x0010B6D0,0x0010B73C,108
__construct_array,0x0010B740,0x0010B864,292
__construct_new_array,0x0010B870,0x0010B9BC,332
__dla__FPv,0x0010B9C0,0x0010B9DC,28
__dt__Q23std9exceptionFv,0x0010B9E0,0x0010BA2C,76
what__Q23std9exceptionCFv,0x0010BA30,0x0010BA3C,12
__nwa__FUi,0x0010BA40,0x0010BA5C,28
__throw_catch_compare,0x0010BA60,0x0010BCC4,612
terminate__3stdFv,0x0010BCD0,0x0010BCF4,36
dthandler__3stdFv,0x0010BD00,0x0010BD10,16
__register_global_object,0x0010BD20,0x0010BD44,36
__initialize_cpp_rts,0x0010BD50,0x0010BDAC,92
__DecodeUnsignedNumber__FPcPUi,0x0010BDB0,0x0010BE50,160
__DecodeSignedNumber__FPcPi,0x0010BE50,0x0010BEF0,160
__end__catch,0x0010BEF0,0x0010BF24,52
__ThrowHandler__FP12ThrowContext,0x0010BF30,0x0010C0C0,400
FindExceptionHandler__FP12ThrowContextP13ExceptionInfoPl,0x0010C0C0,0x0010C3E4,804
FindMostRecentException__FP12ThrowContextP13ExceptionInfo,0x0010C3F0,0x0010C564,372
UnwindStack__FP12ThrowContextP13ExceptionInfoPc,0x0010C570,0x0010CDD4,2148
NextAction__FP14ActionIterator,0x0010CDE0,0x0010D0F4,788
FindExceptionRecord__FPcP13ExceptionInfo,0x0010D100,0x0010D2BC,444
__TransferControl__FP12ThrowContextP13ExceptionInfoPc,0x0010D2C0,0x0010D324,100
__throw,0x0010D330,0x0010D3B0,128
__SkipUnwindInfo__FPc,0x0010D3B0,0x0010D3FC,76
__FindExceptionTable__FP13ExceptionInfoPc,0x0010D400,0x0010D420,32
__SetupFrameInfo__FP12ThrowContextP13ExceptionInfo,0x0010D420,0x0010D4D0,176
__PopStackFrame__FP12ThrowContextP13ExceptionInfo,0x0010D4D0,0x0010D760,656
insert__Q23std38__vector_pod<Ui,Q23std13allocator<Ui>>FPUiUiRCUi,0x0010D760,0x0010DAC8,836
__dt__Q23std12length_errorFv,0x0010DAD0,0x0010DB88,184
__dt__Q23std11logic_errorFv,0x0010DB90,0x0010DC38,168
what__Q23std11logic_errorCFv,0x0010DC40,0x0010DC48,8
sceGsResetGraph,0x0010DC48,0x0010DDD8,400
sceGsGetGParam,0x0010DDD8,0x0010DDE4,12
sceGsResetPath,0x0010DDE8,0x0010DE50,104
sceGsSetDefDispEnv,0x0010DE50,0x0010E0C0,624
sceGsPutDispEnv,0x0010E0C0,0x0010E17C,188
sceGszbufaddr,0x0010E180,0x0010E248,200
sceGsSetDefDrawEnv,0x0010E248,0x0010E42C,484
sceGsSetDefClear,0x0010E430,0x0010E534,260
sceGsPutDrawEnv,0x0010E538,0x0010E620,232
sceGsSetDefDBuff,0x0010E620,0x0010E8B8,664
sceGsSwapDBuff,0x0010E8B8,0x0010E914,92
sceGsSyncV,0x0010E918,0x0010E9AC,148
sceGsSyncPath,0x0010E9B0,0x0010ECC4,788
sceGsSetDefLoadImage,0x0010ECC8,0x0010EEAC,484
sceGsExecLoadImage,0x0010EEB0,0x0010F02C,380
sceGsSyncVCallback,0x0010F030,0x0010F0D0,160
sceGsSetHalfOffset,0x0010F0D0,0x0010F158,136
memclr,0x0010F158,0x0010F18C,52
sceDmaGetChan,0x0010F190,0x0010F1B8,40
sceDmaReset,0x0010F1B8,0x0010F294,220
sceDmaDebug,0x0010F298,0x0010F2A8,16
sceDmaPutEnv,0x0010F2A8,0x0010F480,472
sceDmaGetEnv,0x0010F480,0x0010F4B8,56
sceDmaPutStallAddr,0x0010F4B8,0x0010F4E0,40
sceDmaSend,0x0010F4E0,0x0010F5B8,216
sceDmaSendN,0x0010F5B8,0x0010F69C,228
sceDmaSendI,0x0010F6A0,0x0010F784,228
sceDmaRecv,0x0010F788,0x0010F84C,196
sceDmaRecvN,0x0010F850,0x0010F93C,236
sceDmaRecvI,0x0010F940,0x0010FA30,240
sceDmaSync,0x0010FA30,0x0010FAF4,196
sceDmaWatch,0x0010FAF8,0x0010FBC8,208
sceDmaPause,0x0010FBC8,0x0010FC10,72
sceDmaRestart,0x0010FC10,0x0010FC24,20
sceDevVu0CheckBusy,0x0010FC28,0x0010FC3C,20
sceDevVu0Reset,0x0010FC40,0x0010FC54,20
sceDevVu0Pause,0x0010FC58,0x0010FCB8,96
sceDevVu0Continue,0x0010FCB8,0x0010FD08,80
sceDevVu0PutDBit,0x0010FD08,0x0010FD38,48
sceDevVu0PutTBit,0x0010FD38,0x0010FD68,48
sceDevVu0GetDBit,0x0010FD68,0x0010FD78,16
sceDevVu0GetTBit,0x0010FD78,0x0010FD88,16
sceDevVu0Sync,0x0010FD88,0x0010FDC8,64
sceDevVu0Exec,0x0010FDC8,0x0010FDD8,16
sceDevVu0GetTpc,0x0010FDD8,0x0010FDE4,12
sceDevVu0GetCnd,0x0010FDE8,0x0010FEC8,224
sceDevVu0PutCnd,0x0010FEC8,0x00110034,364
sceDevVif0Reset,0x00110038,0x0011005C,36
sceDevVif0Pause,0x00110060,0x001100C8,104
sceDevVif0Continue,0x001100C8,0x00110104,60
sceDevVif0PutErr,0x00110108,0x00110128,32
sceDevVif0GetErr,0x00110128,0x00110138,16
sceDevVif0Sync,0x00110138,0x00110188,80
sceDevVif0GetCnd,0x00110188,0x00110308,384
sceDevVif0PutFifo,0x00110308,0x00110364,92
sceGifPkInit,0x00110368,0x00110378,16
sceGifPkReset,0x00110378,0x00110388,16
sceGifPkTerminate,0x00110388,0x001103E0,88
sceGifPkCnt,0x001103E0,0x00110454,116
sceGifPkRef,0x00110458,0x001104F0,152
sceGifPkEnd,0x001104F0,0x00110564,116
sceGifPkReserve,0x00110568,0x0011057C,20
sceGifPkOpenGifTag,0x00110580,0x00110598,24
sceGifPkCloseGifTag,0x00110598,0x0011063C,164
sceGifPkAddGsAD,0x00110640,0x00110664,36
sceVu0ApplyMatrix,0x00110668,0x00110694,44
sceVu0MulMatrix,0x00110698,0x001106DC,68
sceVu0OuterProduct,0x001106E0,0x001106FC,28
sceVu0InnerProduct,0x00110700,0x00110724,36
sceVu0Normalize,0x00110728,0x00110764,60
sceVu0TransposeMatrix,0x00110768,0x001107AC,68
sceVu0InversMatrix,0x001107B0,0x0011081C,108
sceVu0DivVector,0x00110820,0x00110840,32
sceVu0DivVectorXYZ,0x00110840,0x00110860,32
sceVu0InterVector,0x00110860,0x00110888,40
sceVu0AddVector,0x00110888,0x0011089C,20
sceVu0SubVector,0x001108A0,0x001108B4,20
sceVu0MulVector,0x001108B8,0x001108CC,20
sceVu0ScaleVector,0x001108D0,0x001108E8,24
sceVu0TransMatrix,0x001108E8,0x00110914,44
sceVu0CopyVector,0x00110918,0x00110924,12
sceVu0CopyMatrix,0x00110928,0x0011094C,36
sceVu0FTOI4Vector,0x00110950,0x00110960,16
sceVu0FTOI0Vector,0x00110960,0x00110970,16
sceVu0ITOF4Vector,0x00110970,0x00110980,16
sceVu0ITOF0Vector,0x00110980,0x00110990,16
sceVu0UnitMatrix,0x00110990,0x001109B8,40
_sceVu0ecossin,0x001109B8,0x00110A2C,116
sceVu0RotMatrixZ,0x00110A30,0x00110AD4,164
sceVu0RotMatrixX,0x00110AD8,0x00110B80,168
sceVu0RotMatrixY,0x00110B80,0x00110C28,168
sceVu0RotMatrix,0x00110C28,0x00110C78,80
sceVu0ClampVector,0x00110C78,0x00110C9C,36
sceVu0CameraMatrix,0x00110CA0,0x00110D50,176
sceVu0NormalLightMatrix,0x00110D50,0x00110E10,192
sceVu0LightColorMatrix,0x00110E10,0x00110E78,104
sceVu0ViewScreenMatrix,0x00110E78,0x00110F7C,260
sceVu0DropShadowMatrix,0x00110F80,0x00111110,400
sceVu0RotTransPersN,0x00111110,0x00111168,88
sceVu0RotTransPers,0x00111168,0x001111AC,68
sceVu0CopyVectorXYZ,0x001111B0,0x001111CC,28
sceVu0InterVectorXYZ,0x001111D0,0x001111FC,44
sceVu0ScaleVectorXYZ,0x00111200,0x00111218,24
sceVu0ClipScreen,0x00111218,0x00111260,72
sceVu0ClipScreen3,0x00111260,0x001112C0,96
sceVu0ClipAll,0x001112C0,0x0011134C,140
sceVpu0Reset,0x00111350,0x001113AC,92
_motionComp0,0x001113B0,0x00111600,592
_getAllRefs,0x00111600,0x00111D04,1796
_getRef0,0x00111D08,0x00112124,1052
_doMC,0x00112128,0x00112344,540
_rix_000,0x00112348,0x001123BC,116
_ri0_000,0x001123C0,0x00112454,148
_rix_001,0x00112458,0x0011250C,180
_ri0_001,0x00112510,0x001125DC,204
_rix_010,0x001125E0,0x0011268C,172
_ri0_010,0x00112690,0x00112748,184
_rix_011,0x00112748,0x00112840,248
_ri0_011,0x00112840,0x0011293C,252
_rix_100,0x00112940,0x001129DC,156
_ri0_100,0x001129E0,0x00112A8C,172
_rix_101,0x00112A90,0x00112B6C,220
_ri0_101,0x00112B70,0x00112C54,228
_rix_110,0x00112C58,0x00112D2C,212
_ri0_110,0x00112D30,0x00112E00,208
_rix_111,0x00112E00,0x00112F20,288
_ri0_111,0x00112F20,0x00113034,276
_copyAddRefImage,0x00113038,0x00113094,92
_copyRefImage,0x00113098,0x001130F8,96
_ipuSetMPEG1,0x001130F8,0x00113120,40
_waitBdecOut,0x00113120,0x00113310,496
_dmVector,0x00113310,0x0011332C,28
_dualPrimeVector,0x00113330,0x001134B4,388
_mbAddressIncrement,0x001134B8,0x001135C8,272
_pictureData0,0x001135C8,0x001136D0,264
_sliceA0,0x001136D0,0x001137FC,300
_slice0,0x00113800,0x001139F0,496
_skipMB0,0x001139F0,0x00113AAC,188
_decMB0,0x00113AB0,0x00113F58,1192
_decode_motion_vector,0x00113F58,0x00113FE0,136
_motionVectors,0x00113FE0,0x0011417C,412
_motionVector,0x00114180,0x001142CC,332
_sendIpuCommand,0x001142D0,0x001142FC,44
_waitIpuIdle,0x00114300,0x001143A4,164
_waitIpuIdle64,0x001143A8,0x00114458,176
_ipuVdec,0x00114458,0x001145D0,376
_peepBit,0x001145D0,0x001146D8,264
_flushBuf,0x001146D8,0x001147C8,240
_nextBit,0x001147C8,0x00114918,336
_nextStartCode,0x00114918,0x00114994,124
_sliceB,0x00114998,0x001149FC,100
_nextHeader,0x00114A00,0x00114B0C,268
_pictureHeader,0x00114B10,0x00114BD4,196
_extensionAndUserData,0x00114BD8,0x00114D00,292
_pictureCodingExtension,0x00114D00,0x00114EF0,496
_extrainfo,0x00114EF0,0x00114F38,68
_updateTempTackData,0x00114F38,0x00114FAC,116
_groupOfPicturesHeader,0x00114FB0,0x00115050,160
_quantMatrixExtension,0x00115050,0x00115114,196
_pictureDisplayExtension,0x00115118,0x0011520C,244
_copyrightExtension,0x00115210,0x001152A0,144
_decPicture,0x001152A0,0x0011536C,204
_outputFrame,0x00115370,0x00115400,144
_updateRefImage,0x00115400,0x001156B4,692
_isOutSizeOK,0x001156B8,0x00115758,160
_cpr8,0x00115758,0x001159C8,624
_markOutput,0x001159C8,0x001159F0,40
_getPtsDtsFlags,0x001159F0,0x00115B7C,396
_dispRefImage,0x00115B80,0x00115C90,272
_dispRefImageField,0x00115C90,0x00115E48,440
dmaRefImage,0x00115E48,0x00115F9C,340
receiveDataFromIPU,0x00115FA0,0x00116010,112
_doCSC,0x00116010,0x00116128,280
_ch3dmaCSC,0x00116128,0x0011629C,372
_doCSC2,0x001162A0,0x00116450,432
_ch4dma,0x00116450,0x00116554,260
_csc_storeRefImage,0x00116558,0x001167CC,628
_sysbitInit,0x001167D0,0x00116804,52
_sysbitNext,0x00116808,0x00116824,28
_sysbitFlush,0x00116828,0x001168C0,152
_sysbitGet,0x001168C0,0x0011690C,76
_sysbitMarker,0x00116910,0x00116954,68
_sysbitJump,0x00116958,0x001169AC,84
_sysbitPtr,0x001169B0,0x001169DC,44
_type2id,0x001169E0,0x00116A68,136
_id2type,0x00116A68,0x00116C64,508
sceMpegDemuxPssRing,0x00116C68,0x00116F60,756
sceMpegDemuxPss,0x00116F60,0x00116F80,32
sceMpegAddStrCallback,0x00116F80,0x00117074,244
_pack_header,0x00117078,0x001171C8,336
_system_header,0x001171C8,0x00117234,104
_PES_packet,0x00117238,0x001177E8,1456
sceMpegInit,0x001177E8,0x00117884,156
sceMpegCreate,0x00117888,0x00117A90,520
sceMpegDelete,0x00117A90,0x00117A98,8
sceMpegAddBs,0x00117A98,0x00117ABC,36
sceMpegGetPicture,0x00117AC0,0x00117B08,72
sceMpegGetPictureRAW8,0x00117B08,0x00117B4C,68
sceMpegGetPictureRAW8xy,0x00117B50,0x00117BA0,80
sceMpegSetDecodeMode,0x00117BA0,0x00117BB4,20
sceMpegGetDecodeMode,0x00117BB8,0x00117BD8,32
sceMpegIsEnd,0x00117BD8,0x00117BE4,12
sceMpegIsRefBuffEmpty,0x00117BE8,0x00117BF8,16
sceMpegReset,0x00117BF8,0x00117C48,80
sceMpegClearRefBuff,0x00117C48,0x00117C9C,84
sceMpegAddCallback,0x00117CA0,0x00117CC4,36
_dispatchMpegCallback,0x00117CC8,0x00117D18,80
_dispatchMpegCbNodata,0x00117D18,0x00117D3C,36
sceMpegSetDefaultPtsGap,0x00117D40,0x00117D54,20
sceMpegResetDefaultPtsGap,0x00117D58,0x00117D68,16
sceMpegSetImageBuff,0x00117D68,0x00117D74,12
sceMpegDispWidth,0x00117D78,0x00117D84,12
sceMpegDispHeight,0x00117D88,0x00117D94,12
sceMpegDispCenterOffX,0x00117D98,0x00117DA4,12
sceMpegDispCenterOffY,0x00117DA8,0x00117DB4,12
sceSetBrokenLink,0x00117DB8,0x00117DC8,16
sceSetPtm,0x00117DC8,0x00117DDC,20
_alalcInit,0x00117DE0,0x00117DF4,20
_alalcSetDynamic,0x00117DF8,0x00117E04,12
_alalcFree,0x00117E08,0x00117E14,12
_alalcAlloc,0x00117E18,0x00117E84,108
_alalcRest,0x00117E88,0x00117EA0,24
_getpic,0x00117EA0,0x00118010,232
_decodeOrSkipFrame,0x00118010,0x00118124,276
_decodeOrSkip,0x00118128,0x0011816C,68
_decodeOrSkipField,0x00118170,0x001182CC,348
_sceMpegFlush,0x001182D0,0x00118338,104
_initSeqAgain,0x00118338,0x00118344,12
_lastFrame,0x00118348,0x001183C4,124
_clearOnce,0x001183C8,0x00118428,96
_clearEach,0x00118428,0x001184E4,188
_ErrMessage,0x001184E8,0x001184F8,16
_Error1,0x001184F8,0x0011852C,52
_Error,0x00118530,0x00118584,84
_sendDataToIPU,0x00118588,0x00118678,240
_RefImageInit,0x00118678,0x00118698,32
_sequenceHeader,0x00118698,0x001187BC,292
_initSeq,0x001187C0,0x00118A68,680
_initRefImages,0x00118A68,0x00118B48,224
_setDefaultQM,0x00118B48,0x00118C1C,212
_sequenceExtension,0x00118C20,0x00118D50,304
_sequenceDisplayExtension,0x00118D50,0x00118DDC,140
_sequenceScalableExtension,0x00118DE0,0x00118DEC,12
_unknown_extension,0x00118DF0,0x00118DFC,12
_pictureSpatialScalableExtension,0x00118E00,0x00118E0C,12
_pictureTemporalScalableExtension,0x00118E10,0x00118E1C,12
_defStopDMA,0x00118E20,0x00118E2C,12
_defRestartDMA,0x00118E30,0x00118E3C,12
setD3_CHCR,0x00118E40,0x00118EA4,100
setD4_CHCR,0x00118EA8,0x00118F0C,100
sceIpuStopDMA,0x00118F10,0x00118FF4,228
sceIpuRestartDMA,0x00118FF8,0x00119148,336
sceIpuSync,0x00119148,0x001191B0,104
setD4_CHCR,0x001191B0,0x00119214,100
sceIpuInit,0x00119218,0x00119450,568
RFU000_FullReset,0x00119480,0x00119490,16
ResetEE,0x00119490,0x001194A0,16
SetGsCrt,0x001194A0,0x001194B0,16
RFU003,0x001194B0,0x001194C0,16
_Exit,0x001194C0,0x001194D0,16
RFU005,0x001194D0,0x001194E0,16
_LoadExecPS2,0x001194E0,0x001194F0,16
_ExecPS2,0x001194F0,0x00119500,16
RFU008,0x00119500,0x00119510,16
RFU009,0x00119510,0x00119520,16
AddSbusIntcHandler,0x00119520,0x00119530,16
RemoveSbusIntcHandler,0x00119530,0x00119540,16
Interrupt2Iop,0x00119540,0x00119550,16
SetVTLBRefillHandler,0x00119550,0x00119560,16
SetVCommonHandler,0x00119560,0x00119570,16
SetVInterruptHandler,0x00119570,0x00119580,16
AddIntcHandler,0x00119580,0x00119590,16
AddIntcHandler2,0x00119590,0x001195A0,16
RemoveIntcHandler,0x001195A0,0x001195B0,16
AddDmacHandler,0x001195B0,0x001195C0,16
AddDmacHandler2,0x001195C0,0x001195D0,16
RemoveDmacHandler,0x001195D0,0x001195E0,16
_EnableIntc,0x001195E0,0x001195F0,16
_DisableIntc,0x001195F0,0x00119600,16
_EnableDmac,0x00119600,0x00119610,16
_DisableDmac,0x00119610,0x00119620,16
SetAlarm,0x00119620,0x00119630,16
ReleaseAlarm,0x00119630,0x00119640,16
_iEnableIntc,0x00119640,0x00119650,16
_iDisableIntc,0x00119650,0x00119660,16
_iEnableDmac,0x00119660,0x00119670,16
_iDisableDmac,0x00119670,0x00119680,16
iSetAlarm,0x00119680,0x00119690,16
iReleaseAlarm,0x00119690,0x001196A0,16
CreateThread,0x001196A0,0x001196B0,16
DeleteThread,0x001196B0,0x001196C0,16
StartThread,0x001196C0,0x001196D0,16
ExitThread,0x001196D0,0x001196E0,16
ExitDeleteThread,0x001196E0,0x001196F0,16
TerminateThread,0x001196F0,0x00119700,16
iTerminateThread,0x00119700,0x00119710,16
DisableDispatchThread,0x00119710,0x00119720,16
EnableDispatchThread,0x00119720,0x00119730,16
ChangeThreadPriority,0x00119730,0x00119740,16
iChangeThreadPriority,0x00119740,0x00119750,16
RotateThreadReadyQueue,0x00119750,0x00119760,16
_iRotateThreadReadyQueue,0x00119760,0x00119770,16
ReleaseWaitThread,0x00119770,0x00119780,16
iReleaseWaitThread,0x00119780,0x00119790,16
GetThreadId,0x00119790,0x001197A0,16
ReferThreadStatus,0x001197A0,0x001197B0,16
iReferThreadStatus,0x001197B0,0x001197C0,16
SleepThread,0x001197C0,0x001197D0,16
WakeupThread,0x001197D0,0x001197E0,16
_iWakeupThread,0x001197E0,0x001197F0,16
CancelWakeupThread,0x001197F0,0x00119800,16
iCancelWakeupThread,0x00119800,0x00119810,16
SuspendThread,0x00119810,0x00119820,16
_iSuspendThread,0x00119820,0x00119830,16
ResumeThread,0x00119830,0x00119840,16
iResumeThread,0x00119840,0x00119850,16
JoinThread,0x00119850,0x00119860,16
RFU060,0x00119860,0x00119870,16
RFU061,0x00119870,0x00119880,16
EndOfHeap,0x00119880,0x00119890,16
RFU063,0x00119890,0x001198A0,16
CreateSema,0x001198A0,0x001198B0,16
DeleteSema,0x001198B0,0x001198C0,16
SignalSema,0x001198C0,0x001198D0,16
iSignalSema,0x001198D0,0x001198E0,16
WaitSema,0x001198E0,0x001198F0,16
PollSema,0x001198F0,0x00119900,16
iPollSema,0x00119900,0x00119910,16
ReferSemaStatus,0x00119910,0x00119920,16
iReferSemaStatus,0x00119920,0x00119930,16
RFU073,0x00119930,0x00119940,16
SetOsdConfigParam,0x00119940,0x00119950,16
GetOsdConfigParam,0x00119950,0x00119960,16
GetGsHParam,0x00119960,0x00119970,16
GetGsVParam,0x00119970,0x00119980,16
SetGsHParam,0x00119980,0x00119990,16
SetGsVParam,0x00119990,0x001199A0,16
RFU080_CreateEventFlag,0x001199A0,0x001199B0,16
RFU081_DeleteEventFlag,0x001199B0,0x001199C0,16
RFU082_SetEventFlag,0x001199C0,0x001199D0,16
RFU083_iSetEventFlag,0x001199D0,0x001199E0,16
RFU084_ClearEventFlag,0x001199E0,0x001199F0,16
RFU085_iClearEventFlag,0x001199F0,0x00119A00,16
RFU086_WaitEvnetFlag,0x00119A00,0x00119A10,16
RFU087_PollEvnetFlag,0x00119A10,0x00119A20,16
RFU088_iPollEvnetFlag,0x00119A20,0x00119A30,16
RFU089_ReferEventFlagStatus,0x00119A30,0x00119A40,16
RFU090_iReferEventFlagStatus,0x00119A40,0x00119A50,16
RFU091,0x00119A50,0x00119A60,16
EnableIntcHandler,0x00119A60,0x00119A70,16
iEnableIntcHandler,0x00119A70,0x00119A80,16
DisableIntcHandler,0x00119A80,0x00119A90,16
iDisableIntcHandler,0x00119A90,0x00119AA0,16
EnableDmacHandler,0x00119AA0,0x00119AB0,16
iEnableDmacHandler,0x00119AB0,0x00119AC0,16
DisableDmacHandler,0x00119AC0,0x00119AD0,16
iDisableDmacHandler,0x00119AD0,0x00119AE0,16
KSeg0,0x00119AE0,0x00119AF0,16
EnableCache,0x00119AF0,0x00119B00,16
DisableCache,0x00119B00,0x00119B10,16
GetCop0,0x00119B10,0x00119B20,16
FlushCache,0x00119B20,0x00119B30,16
CpuConfig,0x00119B30,0x00119B40,16
iGetCop0,0x00119B40,0x00119B50,16
iFlushCache,0x00119B50,0x00119B60,16
iCpuConfig,0x00119B60,0x00119B70,16
sceSifStopDma,0x00119B70,0x00119B80,16
SetCPUTimerHandler,0x00119B80,0x00119B90,16
SetCPUTimer,0x00119B90,0x00119BA0,16
SetOsdConfigParam2,0x00119BA0,0x00119BB0,16
GetOsdConfigParam2,0x00119BB0,0x00119BC0,16
GsGetIMR,0x00119BC0,0x00119BD0,16
iGsGetIMR,0x00119BD0,0x00119BE0,16
GsPutIMR,0x00119BE0,0x00119BF0,16
iGsPutIMR,0x00119BF0,0x00119C00,16
SetPgifHandler,0x00119C00,0x00119C10,16
SetVSyncFlag,0x00119C10,0x00119C20,16
RFU116,0x00119C20,0x00119C30,16
_print,0x00119C30,0x00119C40,16
sceSifDmaStat,0x00119C40,0x00119C50,16
isceSifDmaStat,0x00119C50,0x00119C60,16
sceSifSetDma,0x00119C60,0x00119C70,16
isceSifSetDma,0x00119C70,0x00119C80,16
sceSifSetDChain,0x00119C80,0x00119C90,16
isceSifSetDChain,0x00119C90,0x00119CA0,16
sceSifSetReg,0x00119CA0,0x00119CB0,16
sceSifGetReg,0x00119CB0,0x00119CC0,16
_ExecOSD,0x00119CC0,0x00119CD0,16
Deci2Call,0x00119CD0,0x00119CE0,16
PSMode,0x00119CE0,0x00119CF0,16
MachineType,0x00119CF0,0x00119D00,16
GetMemorySize,0x00119D00,0x00119D10,16
_InitTLB,0x00119D10,0x00119D20,16
sceResetttyinit,0x00119D20,0x00119D2C,12
VSync,0x00119D30,0x00119DC0,144
VSync2,0x00119DC0,0x00119E64,164
write,0x00119E68,0x00119EE4,124
read,0x00119EE8,0x00119F5C,116
open,0x00119F60,0x00119F88,40
close,0x00119F88,0x00119F90,8
ioctl,0x00119F90,0x00119F98,8
lseek,0x00119F98,0x00119FA0,8
sbrk,0x00119FA0,0x0011A04C,172
isatty,0x0011A050,0x0011A058,8
fstat,0x0011A058,0x0011A06C,20
getpid,0x0011A070,0x0011A078,8
kill,0x0011A078,0x0011A0A0,40
stat,0x0011A0A0,0x0011A0C8,40
unlink,0x0011A0C8,0x0011A0F0,40
_sceSDC,0x0011A0F0,0x0011A194,164
SyncDCache,0x0011A198,0x0011A214,124
iSyncDCache,0x0011A218,0x0011A22C,20
_sceIDC,0x0011A230,0x0011A2D4,164
InvalidDCache,0x0011A2D8,0x0011A354,124
iInvalidDCache,0x0011A358,0x0011A36C,20
QueryIntrContext,0x0011A370,0x0011A380,16
DisableIntc,0x0011A380,0x0011A3E8,104
EnableIntc,0x0011A3E8,0x0011A450,104
DisableDmac,0x0011A450,0x0011A4B8,104
EnableDmac,0x0011A4B8,0x0011A520,104
iEnableIntc,0x0011A520,0x0011A540,32
iDisableIntc,0x0011A540,0x0011A560,32
iEnableDmac,0x0011A560,0x0011A580,32
iDisableDmac,0x0011A580,0x0011A5A0,32
setup,0x0011A5A0,0x0011A5B0,16
Copy,0x0011A5B0,0x0011A5C0,16
kCopy,0x0011A5C0,0x0011A5F8,56
GetEntryAddress,0x0011A5F8,0x0011A608,16
InitAlarm,0x0011A608,0x0011A6DC,212
topThread,0x0011A6E0,0x0011A7B8,216
InitThread,0x0011A7B8,0x0011A88C,212
iWakeupThread,0x0011A890,0x0011A924,148
iRotateThreadReadyQueue,0x0011A928,0x0011A9A4,124
iSuspendThread,0x0011A9A8,0x0011AA40,152
sceDeci2Open,0x0011AA40,0x0011AA84,68
sceDeci2Close,0x0011AA88,0x0011AAAC,36
sceDeci2ReqSend,0x0011AAB0,0x0011AAE0,48
sceDeci2Poll,0x0011AAE0,0x0011AB04,36
sceDeci2ExRecv,0x0011AB08,0x0011AB3C,52
sceDeci2ExSend,0x0011AB40,0x0011AB74,52
sceDeci2ExReqSend,0x0011AB78,0x0011ABA8,48
sceDeci2ExLock,0x0011ABA8,0x0011ABCC,36
sceDeci2ExUnLock,0x0011ABD0,0x0011ABF4,36
kputs,0x0011ABF8,0x0011AC1C,36
QueueInit,0x0011AC20,0x0011AC44,36
QueuePeekWriteDone,0x0011AC48,0x0011AC84,60
QueuePeekReadDone,0x0011AC88,0x0011ACC4,60
sceTtyHandler,0x0011ACC8,0x0011AE5C,400
sceTtyWrite,0x0011AE60,0x0011AFB0,336
sceTtyRead,0x0011AFB0,0x0011B080,208
sceTtyInit,0x0011B080,0x0011B13C,188
kputchar,0x0011B140,0x0011B178,56
deci2Putchar,0x0011B178,0x0011B228,176
serialPutchar,0x0011B228,0x0011B25C,52
ftoi,0x0011B260,0x0011B2F0,144
printfloat,0x0011B2F0,0x0011B458,352
_printf,0x0011B458,0x0011BA20,1476
kprintf,0x0011BA20,0x0011BA58,56
scePrintf,0x0011BA58,0x0011BAB8,96
_set_sreg,0x0011BAB8,0x0011BAD4,28
_change_addr,0x0011BAD8,0x0011BAE4,12
sceSifGetSreg,0x0011BAE8,0x0011BB00,24
sceSifSetSreg,0x0011BB00,0x0011BB1C,28
sceSifGetDataTable,0x0011BB20,0x0011BB2C,12
sceSifInitCmd,0x0011BB30,0x0011BDB0,640
sceSifExitCmd,0x0011BDB0,0x0011BDE4,52
sceSifSetCmdBuffer,0x0011BDE8,0x0011BE00,24
sceSifSetSysCmdBuffer,0x0011BE00,0x0011BE18,24
sceSifAddCmdHandler,0x0011BE18,0x0011BE44,44
sceSifRemoveCmdHandler,0x0011BE48,0x0011BE70,40
_sceSifSendCmd,0x0011BE70,0x0011BFA4,308
sceSifSendCmd,0x0011BFA8,0x0011BFE4,60
isceSifSendCmd,0x0011BFE8,0x0011C024,60
_sceSifCmdIntrHdlr,0x0011C028,0x0011C150,296
sceSifWriteBackDCache,0x0011C150,0x0011C1FC,172
sceSifInitRpc,0x0011C200,0x0011C39C,412
sceSifExitRpc,0x0011C3A0,0x0011C3C4,36
_sceRpcGetPacket,0x0011C3C8,0x0011C470,168
_sceRpcFreePacket,0x0011C470,0x0011C48C,28
_sceRpcGetFPacket,0x0011C490,0x0011C4C0,48
_sceRpcGetFPacket2,0x0011C4C0,0x0011C500,64
_request_end,0x0011C500,0x0011C5B4,180
_request_rdata,0x0011C5B8,0x0011C618,96
sceSifGetOtherData,0x0011C618,0x0011C770,344
_search_svdata,0x0011C770,0x0011C7BC,76
_request_bind,0x0011C7C0,0x0011C870,176
sceSifBindRpc,0x0011C870,0x0011C9B0,320
_request_call,0x0011C9B0,0x0011CA3C,140
sceSifCallRpc,0x0011CA40,0x0011CC2C,492
sceSifCheckStatRpc,0x0011CC30,0x0011CC6C,60
sceSifSetRpcQueue,0x0011CC70,0x0011CD04,148
sceSifRegisterRpc,0x0011CD08,0x0011CDD8,208
sceSifRemoveRpc,0x0011CDD8,0x0011CE6C,148
sceSifRemoveRpcQueue,0x0011CE70,0x0011CF00,144
sceSifGetNextRequest,0x0011CF00,0x0011CF58,88
sceSifExecRequest,0x0011CF58,0x0011D11C,452
sceSifRpcLoop,0x0011D120,0x0011D160,60
_sceFsIobSemaMK,0x0011D160,0x0011D1BC,92
new_iob,0x0011D1C0,0x0011D248,136
get_iob,0x0011D248,0x0011D2B4,108
_sceFs_Rcv_Intr,0x0011D2B8,0x0011D678,956
dothack_fsSemInit,0x0011D678,0x0011D6C4,76
_sceFsWaitS,0x0011D6C8,0x0011D6F4,44
dothack_fsSigSema,0x0011D6F8,0x0011D704,12
scePowerOffHandler,0x0011D708,0x0011D798,144
_sceFs_Poff_Intr,0x0011D798,0x0011D7C4,44
dothack_fsInit,0x0011D7C8,0x0011D990,452
_fs_version,0x0011D990,0x0011DA1C,140
sceFsReset,0x0011DA20,0x0011DA54,52
sceOpen,0x0011DA58,0x0011DCDC,644
sceClose,0x0011DCE0,0x0011DE5C,380
sceLseek,0x0011DE60,0x0011E098,564
sceRead,0x0011E098,0x0011E308,624
sceWrite,0x0011E308,0x0011E5C8,700
sceIoctl,0x0011E5C8,0x0011E914,844
sceIoctl2,0x0011E918,0x0011EAF4,476
_sceCallCode,0x0011EAF8,0x0011EC9C,420
sceRemove,0x0011ECA0,0x0011ECBC,28
sceMkdir,0x0011ECC0,0x0011EE6C,428
sceRmdir,0x0011EE70,0x0011EE8C,28
sceFormat,0x0011EE90,0x0011F0FC,620
sceAddDrv,0x0011F100,0x0011F220,288
sceDelDrv,0x0011F220,0x0011F23C,28
sceDopen,0x0011F240,0x0011F308,200
sceDclose,0x0011F308,0x0011F470,360
sceDread,0x0011F470,0x0011F5C8,344
sceGetstat,0x0011F5C8,0x0011F768,416
sceChstat,0x0011F768,0x0011F9A4,572
sceRename,0x0011F9A8,0x0011FB98,496
sceChdir,0x0011FB98,0x0011FBB4,28
sceSync,0x0011FBB8,0x0011FD50,408
sceMount,0x0011FD50,0x0011FFBC,620
sceUmount,0x0011FFC0,0x0011FFDC,28
sceLseek64,0x0011FFE0,0x00120218,564
sceDevctl,0x00120218,0x00120450,568
sceSymlink,0x00120450,0x00120630,480
sceReadlink,0x00120630,0x001207F8,456
sceSifInitIopHeap,0x001207F8,0x00120880,136
sceSifAllocIopHeap,0x00120880,0x001208F0,112
sceSifAllocSysMemory,0x001208F0,0x00120970,128
sceSifFreeSysMemory,0x00120970,0x001209E8,120
sceSifFreeIopHeap,0x001209E8,0x00120A04,28
sceSifLoadIopHeap,0x00120A08,0x00120AF8,240
_lf_bind,0x00120AF8,0x00120BF8,256
_lf_version,0x00120BF8,0x00120C84,140
sceSifLoadFileReset,0x00120C88,0x00120CC0,56
_sceSifLoadModuleBuffer,0x00120CC0,0x00120EC8,520
sceSifStopModule,0x00120EC8,0x001210D0,520
sceSifUnloadModule,0x001210D0,0x00121160,144
sceSifSearchModuleByName,0x00121160,0x00121200,160
sceSifSearchModuleByAddress,0x00121200,0x00121290,144
sceSifLoadModuleBuffer,0x00121290,0x001212AC,28
sceSifLoadStartModuleBuffer,0x001212B0,0x001212CC,28
_sceSifLoadModule,0x001212D0,0x001214F4,548
sceSifLoadModule,0x001214F8,0x00121518,32
sceSifLoadStartModule,0x00121518,0x00121534,28
_sceSifLoadElfPart,0x00121538,0x0012163C,260
sceSifLoadElfPart,0x00121640,0x0012165C,28
sceSifLoadElf,0x00121660,0x00121688,40
sceSifGetIopAddr,0x00121688,0x00121774,236
sceSifSetIopAddr,0x00121778,0x00121854,220
sceSifResetIop,0x00121858,0x00121994,316
sceSifIsAliveIop,0x00121998,0x001219C0,40
sceSifSyncIop,0x001219C0,0x001219F8,56
sceSifRebootIop,0x001219F8,0x00121B08,272
SetTLBHandler,0x00121B08,0x00121B68,96
SetDebugHandler,0x00121B68,0x00121BEC,132
Copy,0x00121BF0,0x00121C00,16
kCopy,0x00121C00,0x00121C38,56
GetEntryAddress,0x00121C38,0x00121C48,16
setup,0x00121C48,0x00121C58,16
InitTLBFunctions,0x00121C58,0x00121D0C,180
PutTLBEntry,0x00121D10,0x00121D20,16
iPutTLBEntry,0x00121D20,0x00121D30,16
_SetTLBEntry,0x00121D30,0x00121D40,16
SetTLBEntry,0x00121D40,0x00121D70,48
iSetTLBEntry,0x00121D70,0x00121D80,16
GetTLBEntry,0x00121D80,0x00121D90,16
iGetTLBEntry,0x00121D90,0x00121DA0,16
ProbeTLBEntry,0x00121DA0,0x00121DB0,16
iProbeTLBEntry,0x00121DB0,0x00121DC0,16
ExpandScratchPad,0x00121DC0,0x00121DD0,16
InitTLB,0x00121DD0,0x00121E10,64
InitTLB32MB,0x00121E10,0x00122004,500
_kTLBException,0x00122040,0x00122140,256
_kExitTLBHandler,0x00122180,0x00122274,244
_kDebugException,0x00122280,0x0012237C,252
DIntr,0x001223A0,0x001223E8,72
EIntr,0x001223E8,0x00122400,24
supplement_crt0,0x00122400,0x00122448,72
kFindAddress,0x00122448,0x0012247C,52
FindAddress,0x00122480,0x00122490,16
GetSystemCallTableEntry,0x00122490,0x001224CC,60
setup,0x001224D0,0x001224E0,16
_setup,0x001224E0,0x001224FC,28
_InitSys,0x00122500,0x0012253C,60
setup,0x00122540,0x00122550,16
Copy,0x00122550,0x00122560,16
kCopy,0x00122560,0x00122598,56
GetEntryAddress,0x00122598,0x001225A8,16
PatchIsNeeded,0x001225A8,0x00122610,104
InitExecPS2,0x00122610,0x001226BC,172
TerminateLibrary,0x001226C0,0x001226C8,8
ExecPS2,0x001226C8,0x00122724,92
LoadExecPS2,0x00122728,0x00122770,72
Exit,0x00122770,0x00122798,40
ExecOSD,0x00122798,0x001227D0,56
sceSdRemoteInit,0x001227D0,0x00122874,164
sceSdTransToIOP,0x00122878,0x001228FC,132
sceSdCallBack,0x00122900,0x00122910,16
sceSdRemote,0x00122910,0x00122B00,496
__ieee754_atan2,0x00122B00,0x00122E3C,808
__ieee754_fmod,0x00122E40,0x0012325C,1040
__ieee754_rem_pio2,0x00123260,0x00123818,1448
__ieee754_sqrt,0x00123818,0x00123B34,796
__ieee754_acosf,0x00123B38,0x00123F74,1072
__ieee754_asinf,0x00123F78,0x00124330,936
__ieee754_atan2f,0x00124330,0x00124514,476
__ieee754_fmodf,0x00124518,0x001246E8,452
__ieee754_rem_pio2f,0x001246E8,0x00124AB0,952
__ieee754_sqrtf,0x00124AB0,0x00124B84,208
__kernel_cos,0x00124B88,0x00124E5C,720
__kernel_rem_pio2,0x00124E60,0x001259AC,2852
__kernel_sin,0x001259B0,0x00125BE8,564
__kernel_cosf,0x00125BE8,0x00125D58,364
__kernel_rem_pio2f,0x00125D58,0x001265FC,2176
__kernel_sinf,0x00126600,0x00126724,288
__kernel_tanf,0x00126728,0x001269CC,668
atan,0x001269D0,0x00126E98,1204
copysign,0x00126E98,0x00126EDC,68
cos,0x00126EE0,0x00127004,284
fabs,0x00127008,0x0012703C,52
floor,0x00127040,0x00127254,524
isinf,0x00127258,0x001272A0,72
isnan,0x001272A0,0x001272DC,60
scalbn,0x001272E0,0x001274C4,464
sin,0x001274C8,0x001275FC,300
atanf,0x00127600,0x0012789C,652
copysignf,0x001278A0,0x001278DC,60
cosf,0x001278E0,0x001279B4,212
fabsf,0x001279B8,0x001279E0,40
floorf,0x001279E0,0x00127AD0,236
modff,0x00127AD0,0x00127B60,140
scalbnf,0x00127B60,0x00127C28,200
sinf,0x00127C28,0x00127D10,220
tanf,0x00127D10,0x00127D88,120
atan2,0x00127D88,0x00127D9C,20
fmod,0x00127DA0,0x00127DB4,20
sqrt,0x00127DB8,0x00127DCC,20
acosf,0x00127DD0,0x00127DE4,20
asinf,0x00127DE8,0x00127DFC,20
atan2f,0x00127E00,0x00127E14,20
fmodf,0x00127E18,0x00127E2C,20
sqrtf,0x00127E30,0x00127E44,20
__muldi3,0x00127E48,0x00127EBC,116
__divdi3,0x00127EC0,0x00128554,1664
__moddi3,0x00128558,0x00128BE8,1664
__udivdi3,0x00128BE8,0x00129164,1388
__umoddi3,0x00129168,0x001296D0,1368
__floatdidf,0x001296D0,0x00129778,168
__floatdisf,0x00129778,0x00129860,232
__fixunsdfdi,0x00129860,0x00129978,280
__fixunssfdi,0x00129978,0x00129AA0,292
__fixsfdi,0x00129AA0,0x00129AE4,64
__pack_f,0x00129AE8,0x00129BB8,208
__unpack_f,0x00129BB8,0x00129C14,88
fptosi,0x00129C18,0x00129C94,120
__make_fp,0x00129C98,0x00129CC4,44
fptodp,0x00129CC8,0x00129D04,60
fptoui,0x00129D08,0x00129D88,124
__pack_d,0x00129D88,0x00129EA0,276
__unpack_d,0x00129EA0,0x00129F4C,156
_fpadd_parts,0x00129F50,0x0012A1AC,592
dpadd,0x0012A1B0,0x0012A208,88
dpsub,0x0012A208,0x0012A26C,100
dpmul,0x0012A270,0x0012A51C,672
dpdiv,0x0012A520,0x0012A694,360
__fpcmp_parts_d,0x0012A698,0x0012A7B8,280
dpcmp,0x0012A7B8,0x0012A804,76
litodp,0x0012A808,0x0012A8C0,180
dptoli,0x0012A8C0,0x0012A95C,156
__make_dp,0x0012A960,0x0012A98C,44
dptofp,0x0012A990,0x0012A9E4,84
dptoul,0x0012A9E8,0x0012AA88,156
CB_DelayTh,0x0012AA88,0x0012AAAC,36
sceCdDelayThread,0x0012AAB0,0x0012AB18,104
sceCdCallback,0x0012AB18,0x0012AB6C,84
_sceCd_cd_callback,0x0012AB70,0x0012AC10,160
_Cdvd_cbLoop,0x0012AC10,0x0012ACCC,188
sceCdInitEeCB,0x0012ACD0,0x0012ADA4,212
_sceCd_cd_read_intr,0x0012ADA8,0x0012AE48,160
cmd_sem_init,0x0012AE48,0x0012AEDC,148
cdvd_exit,0x0012AEE0,0x0012AF60,128
sceCdPOffCallback,0x0012AF60,0x0012AFCC,108
_sceCd_Poff_Intr,0x0012AFD0,0x0012B00C,60
PowerOffCB,0x0012B010,0x0012B074,100
sceCdSearchFile,0x0012B078,0x0012B374,764
_sceCd_ncmd_prechk,0x0012B378,0x0012B4E8,364
sceCdNcmdDiskReady,0x0012B4E8,0x0012B580,152
sceCdSync,0x0012B580,0x0012B620,160
sceCdSyncS,0x0012B620,0x0012B68C,108
_sceCd_scmd_prechk,0x0012B690,0x0012B800,364
sceCdInit,0x0012B800,0x0012BAE0,736
sceCdDiskReady,0x0012BAE0,0x0012BCD8,500
sceCdMmode,0x0012BCD8,0x0012BD9C,196
sceCdRead,0x0012BDA0,0x0012BF80,480
sceCdGetError,0x0012BF80,0x0012C018,152
sceCdStatus,0x0012C018,0x0012C0D0,184
sceCdStInit,0x0012C0D0,0x0012C0FC,44
sceCdStStart,0x0012C100,0x0012C134,52
sceCdStSeekF,0x0012C138,0x0012C164,44
sceCdStSeek,0x0012C168,0x0012C194,44
sceCdStStop,0x0012C198,0x0012C1D0,56
sceCdStRead,0x0012C1D0,0x0012C358,392
sceCdStPause,0x0012C358,0x0012C3A8,80
sceCdStResume,0x0012C3A8,0x0012C3FC,84
sceCdStStat,0x0012C400,0x0012C448,72
sceCdStream,0x0012C448,0x0012C5B0,360
_send_to_iop,0x0012C5B0,0x0012C6C4,276
scePadInit,0x0012C6C8,0x0012C808,312
scePadInit2,0x0012C808,0x0012C8A4,156
scePadEnd,0x0012C8A8,0x0012C928,128
scePadPortOpen,0x0012C928,0x0012CB0C,484
scePadPortClose,0x0012CB10,0x0012CBC8,184
scePadGetDmaStr,0x0012CBC8,0x0012CC28,96
scePadGetFrameCount,0x0012CC28,0x0012CC78,80
scePadRead,0x0012CC78,0x0012CCF4,124
scePadGetState,0x0012CCF8,0x0012CD70,120
scePadStateIntToStr,0x0012CD70,0x0012CDA4,52
scePadSetReqState,0x0012CDA8,0x0012CE0C,100
scePadGetReqState,0x0012CE10,0x0012CE60,80
scePadReqIntToStr,0x0012CE60,0x0012CE94,52
scePadInfoAct,0x0012CE98,0x0012CFB8,288
scePadInfoComb,0x0012CFB8,0x0012D0D4,284
scePadInfoMode,0x0012D0D8,0x0012D210,312
scePadSetMainMode,0x0012D210,0x0012D2C4,180
scePadSetActDirect,0x0012D2C8,0x0012D388,192
scePadSetActAlign,0x0012D388,0x0012D460,216
scePadGetButtonMask,0x0012D460,0x0012D514,180
scePadSetButtonInfo,0x0012D518,0x0012D5C8,176
scePadInfoPressMode,0x0012D5C8,0x0012D624,92
scePadEnterPressMode,0x0012D628,0x0012D67C,84
scePadExitPressMode,0x0012D680,0x0012D6D4,84
scePadSetVrefParam,0x0012D6D8,0x0012D7A4,204
scePadGetPortMax,0x0012D7A8,0x0012D80C,100
scePadGetSlotMax,0x0012D810,0x0012D878,104
scePadGetModVersion,0x0012D878,0x0012D8DC,100
scePadSetWarningLevel,0x0012D8E0,0x0012D948,104
sceMcInit,0x0012D948,0x0012DAFC,432
sceMcEnd,0x0012DB00,0x0012DB40,64
_lmcGetClientPtr,0x0012DB40,0x0012DB70,48
sceMcChangeThreadPriority,0x0012DB70,0x0012DC24,180
sceMcGetSlotMax,0x0012DC28,0x0012DCE8,192
sceMcOpen,0x0012DCE8,0x0012DE1C,308
sceMcMkdir,0x0012DE20,0x0012DE54,52
sceMcClose,0x0012DE58,0x0012DF0C,180
sceMcSeek,0x0012DF10,0x0012DFE4,212
mceIntrReadFixAlign,0x0012DFE8,0x0012E078,144
sceMcRead,0x0012E078,0x0012E194,284
sceMcWrite,0x0012E198,0x0012E314,380
mcHearAlarm,0x0012E318,0x0012E33C,36
mcDelayThread,0x0012E340,0x0012E384,68
sceMcSync,0x0012E388,0x0012E468,220
mceGetInfoApdx,0x0012E468,0x0012E4BC,84
sceMcGetInfo,0x0012E4C0,0x0012E644,388
sceMcUdCheckNewCard,0x0012E648,0x0012E6B4,108
sceMcGetDir,0x0012E6B8,0x0012E810,344
mceStorePwd,0x0012E810,0x0012E894,132
sceMcChdir,0x0012E898,0x0012E9E8,336
sceMcFormat,0x0012E9E8,0x0012EAB0,200
sceMcDelete,0x0012EAB0,0x0012EBD8,296
sceMcFlush,0x0012EBD8,0x0012EC8C,180
sceMcSetFileInfo,0x0012EC90,0x0012EE68,472
sceMcRename,0x0012EE68,0x0012EFD0,360
sceMcUnformat,0x0012EFD0,0x0012F098,200
sceMcGetEntSpace,0x0012F098,0x0012F1B0,280
sceMSIn_Init,0x0012F1B0,0x0012F230,128
sceMSIn_ATick,0x0012F230,0x0012F238,8
sceMSIn_Load,0x0012F238,0x0012F240,8
put_message,0x0012F240,0x0012F2D4,148
sceMSIn_PutMsg,0x0012F2D8,0x0012F388,176
sceMSIn_PutExcMsg,0x0012F388,0x0012F400,120
sceMSIn_PutHsMsg,0x0012F400,0x0012F448,72
abort,0x0012F448,0x0012F460,24
abs,0x0012F460,0x0012F474,20
_calloc_r,0x0012F478,0x0012F52C,176
_close_r,0x0012F530,0x0012F588,88
quorem,0x0012F588,0x0012F7B4,552
_dtoa_r,0x0012F7B8,0x00130A1C,4632
__errno,0x00130A20,0x00130A2C,12
fflush,0x00130A30,0x00130B44,268
std,0x00130B48,0x00130BA4,92
__sfmoreglue,0x00130BA8,0x00130C20,120
__sfp,0x00130C20,0x00130D18,248
_cleanup_r,0x00130D18,0x00130D34,28
_cleanup,0x00130D38,0x00130D54,28
__sinit,0x00130D58,0x00130DE4,140
fprintf,0x00130DE8,0x00130E3C,84
_free_r,0x00130E40,0x00131134,744
_malloc_trim_r,0x00131138,0x001312A4,364
_fstat_r,0x001312A8,0x00131304,92
__sfvwrite,0x00131308,0x001316E8,972
_fwalk,0x001316E8,0x0013177C,148
_setlocale_r,0x00131780,0x0013180C,136
_localeconv_r,0x00131810,0x0013181C,12
setlocale,0x00131820,0x00131844,36
localeconv,0x00131848,0x00131864,28
_lseek_r,0x00131868,0x001318C8,96
__smakebuf,0x001318C8,0x00131A1C,332
malloc,0x00131A20,0x00131A74,84
free,0x00131A78,0x00131AC0,72
malloc_extend_top,0x00131AC0,0x00131D18,584
_malloc_r,0x00131D18,0x00132440,1788
_mbtowc_r,0x00132440,0x00132474,52
memchr,0x00132478,0x00132558,224
memcmp,0x00132558,0x001325EC,148
memcpy,0x001325F0,0x001326A0,176
memmove,0x001326A0,0x001327A4,260
memset,0x001327A8,0x00132868,192
__malloc_lock,0x00132868,0x001328E4,124
__malloc_unlock,0x001328E8,0x00132934,76
_Balloc,0x00132938,0x001329DC,164
_Bfree,0x001329E0,0x00132A0C,44
_multadd,0x00132A10,0x00132B18,264
_s2b,0x00132B18,0x00132C48,304
_hi0bits,0x00132C48,0x00132CC8,128
_lo0bits,0x00132CC8,0x00132D84,188
_i2b,0x00132D88,0x00132DC0,56
_multiply,0x00132DC0,0x00132FCC,524
_pow5mult,0x00132FD0,0x001330CC,248
_lshift,0x001330D0,0x00133228,344
__mcmp,0x00133228,0x00133290,104
__mdiff,0x00133290,0x00133420,400
_ulp,0x00133420,0x001334F0,200
_b2d,0x001334F0,0x00133688,408
_d2b,0x00133688,0x0013380C,380
_ratio,0x00133810,0x001338DC,200
_mprec_log10,0x001338E0,0x00133950,112
_printf_r,0x00133950,0x001339AC,92
printf,0x001339B0,0x00133A20,112
srand,0x00133A20,0x00133A38,24
rand,0x00133A38,0x00133A9C,100
_read_r,0x00133AA0,0x00133B00,96
_sbrk_r,0x00133B00,0x00133B58,88
_init_signal_r,0x00133B58,0x00133BC8,112
_signal_r,0x00133BC8,0x00133C48,128
_raise_r,0x00133C48,0x00133D20,208
__sigtramp_r,0x00133D20,0x00133DB8,152
raise,0x00133DB8,0x00133DD8,32
signal,0x00133DD8,0x00133DFC,36
_init_signal,0x00133E00,0x00133E1C,28
__sigtramp,0x00133E20,0x00133E40,32
_kill_r,0x00133E40,0x00133E9C,92
_getpid_r,0x00133EA0,0x00133EB4,20
_sprintf_r,0x00133EB8,0x00133F40,136
sprintf,0x00133F40,0x00133FD0,144
__sread,0x00133FD0,0x00134034,96
__swrite,0x00134038,0x001340B8,128
__sseek,0x001340B8,0x0013411C,96
__sclose,0x00134120,0x0013413C,28
strcat,0x00134140,0x0013426C,300
strchr,0x00134270,0x00134400,400
strcmp,0x00134400,0x00134544,324
strcpy,0x00134548,0x0013465C,276
strlen,0x00134660,0x00134798,312
strlwr,0x00134798,0x001347E4,76
strncmp,0x001347E8,0x001349A0,436
strncpy,0x001349A0,0x00134B5C,444
strstr,0x00134B60,0x00134BE4,132
strupr,0x00134BE8,0x00134C34,76
__sprint,0x00134C38,0x00134C80,68
__sbprintf,0x00134C80,0x00134D34,180
vfprintf,0x00134D38,0x00134DAC,116
_vfprintf_r,0x00134DB0,0x00136410,5636
cvt,0x00136410,0x001365D0,444
exponent,0x001365D0,0x001366AC,212
_write_r,0x001366B0,0x00136710,96
__swsetup,0x00136710,0x0013681C,264
Init__11ccClutChunkFP12ccChunkIndexP15ccClutChunkDesc,0x00136820,0x00136870,80
__dt__11ccClutChunkFv,0x00136870,0x00136930,192
AddBltGrp__11ccClutChunkFP12ccChunkIndex,0x00136930,0x00136980,80
SetBltData__11ccClutChunkFP15ccClutChunkDesc,0x00136980,0x00136AAC,300
DelBltData__11ccClutChunkFv,0x00136AB0,0x00136B40,144
SetBuffAdrs__11ccClutChunkFss,0x00136B40,0x00136BE0,160
__dt__10ccClutRollFv,0x00136BE0,0x00136C34,84
ClearRollRange__10ccClutRollFv,0x00136C40,0x00136C84,68
Init__10ccTexChunkFP12ccChunkIndexP12ccChunkIndexP14ccTexChunkDesc,0x00136C90,0x00136CD8,72
__dt__10ccTexChunkFv,0x00136CE0,0x00136D78,152
__dt__9ccBltDataFv,0x00136D80,0x00136DF0,112
__ct__9ccBltDataFv,0x00136DF0,0x00136DFC,12
AddBltGrp__10ccTexChunkFP12ccChunkIndex,0x00136E00,0x00136E50,80
SetBltData__10ccTexChunkFP14ccTexChunkDesc,0x00136E50,0x00137020,464
DelBltData__10ccTexChunkFv,0x00137020,0x00137088,104
SetBuffAdrs__10ccTexChunkFPs,0x00137090,0x0013731C,652
SetBuffAdrs__10ccTexChunkFP9ccBuffPos,0x00137320,0x001373B4,148
__dt__10ccAnmChunkFv,0x001373C0,0x00137A84,1732
__dt__13ccBltGrpChunkFv,0x00137A90,0x00137B74,228
SearchChunk__13ccBltGrpChunkFP12ccChunkIndex,0x00137B80,0x00137C2C,172
AddChunk__13ccBltGrpChunkFP10ccTexChunk,0x00137C30,0x00137C74,68
AddChunk__13ccBltGrpChunkFP11ccClutChunk,0x00137C80,0x00137CC4,68
DelChunk__13ccBltGrpChunkFP10ccTexChunk,0x00137CD0,0x00137D7C,172
DelChunk__13ccBltGrpChunkFP11ccClutChunk,0x00137D80,0x00137E2C,172
LockBlt__13ccBltGrpChunkFv,0x00137E30,0x00137EA8,120
UnlockBlt__13ccBltGrpChunkFv,0x00137EB0,0x00137F28,120
MakePacketLoadData__13ccBltGrpChunkFP7ccLayer,0x00137F30,0x00137FF8,200
__ct__7ccCoordFv,0x00138000,0x00138050,80
SetMatrix_PosRotXYZScale__7ccCoordFPfPfPf,0x00138050,0x0013811C,204
SetMatrix_PosRotZYXScale__7ccCoordFPfPfPf,0x00138120,0x001381CC,172
SetMatrix_RotZYX__7ccCoordFPf,0x001381D0,0x0013823C,108
SetMatrix_PosRotXYZ__7ccCoordFPfPf,0x00138240,0x001382E8,168
SetMatrix_PosRotZYX__7ccCoordFPfPf,0x001382F0,0x00138378,136
_SetLWMatrix__7ccCoordFv,0x00138380,0x00138488,264
_GetTransparency__7ccCoordFv,0x00138490,0x0013856C,220
Init__5ccCamFP10ccCamChunk,0x00138570,0x0013859C,44
SetMatrix_PosRotXYZDebug__5ccCamFPfPfPA4_f,0x001385A0,0x001386B0,272
SetMatrix_PosRotXYZ__5ccCamFPfPf,0x001386B0,0x001387A0,240
SetMatrix_PosTarget__5ccCamFPfPf,0x001387A0,0x00138868,200
__dt__5ccCamFv,0x00138870,0x001388B8,72
ccBbox_SetBox__FP6ccBboxP14ccVertexMinMumf,0x001388C0,0x001389AC,236
ccCreateLight__FP12ccLightChunk,0x001389B0,0x00138B58,408
ccSetColor__FPfUif,0x00138B60,0x00138DB0,592
ccSetBlendColor__FPfUiUif,0x00138DB0,0x00138E5C,172
__ct__7ccLightFsSc,0x00138E60,0x00138EE4,132
__ct__7ccLightFP12ccLightChunkSc,0x00138EF0,0x00138F78,136
__dt__7ccLightFv,0x00138F80,0x00138FEC,108
AddNext__10ccLightGrpFP7ccLightP7ccLight,0x00138FF0,0x00139060,112
AddGrp__10ccLightGrpFP7ccLight,0x00139060,0x001390BC,92
DelGrp__10ccLightGrpFP7ccLight,0x001390C0,0x00139130,112
Init__14ccDistantLightFP12ccLightChunk,0x00139130,0x00139168,56
CheckRange__14ccDistantLightFP14ccLightSetInfoPf,0x00139170,0x00139234,196
GetDirc__14ccDistantLightFPf,0x00139240,0x001392CC,140
Init__13ccDirectLightFP12ccLightChunk,0x001392D0,0x00139330,96
CheckRange__13ccDirectLightFP14ccLightSetInfoPf,0x00139330,0x00139550,544
Init__11ccSpotLightFP12ccLightChunk,0x00139550,0x001395B0,96
CheckRange__11ccSpotLightFP14ccLightSetInfoPf,0x001395B0,0x001397DC,556
Init__11ccOmniLightFP12ccLightChunk,0x001397E0,0x00139828,72
CheckRange__11ccOmniLightFP14ccLightSetInfoPf,0x00139830,0x001399EC,444
Init__10ccMaterialFP15ccMaterialChunk,0x001399F0,0x00139AB0,192
Init__6ccMmatFP11ccMmatChunk,0x00139AB0,0x00139B2C,124
Copy__6ccMmatFRC6ccMmat,0x00139B30,0x00139B98,104
Duplicate__6ccMmatFUiUs,0x00139BA0,0x0013A438,2200
Init__7ccModelFP12ccModelChunkPP7ccCoordUi,0x0013A440,0x0013A618,472
__dt__6ccMmatFv,0x0013A620,0x0013A768,328
__ct__6ccMmatFv,0x0013A770,0x0013A77C,12
__dt__7ccModelFv,0x0013A780,0x0013A854,212
Copy__7ccModelFRC7ccModel,0x0013A860,0x0013A998,312
Duplicate__7ccModelFUi,0x0013A9A0,0x0013AAC4,292
ChangeClut__7ccModelFP11ccClutChunkP11ccClutChunk,0x0013AAD0,0x0013AB30,96
ChangeTex__7ccModelFP10ccTexChunkP10ccTexChunk,0x0013AB30,0x0013ABD8,168
SetUV__7ccModelFiiP15ccMaterialChunki,0x0013ABE0,0x0013AC88,168
SetUseMaterialTbl__7ccModelFv,0x0013AC90,0x0013AE60,464
SetRenderState__7ccModelF20CC_RENDER_STATE_TYPEi,0x0013AE60,0x0013AEDC,120
SetTarget__9ccMorpherFP7ccModelfi,0x0013AEE0,0x0013AEF4,20
SetTargetNum__9ccMorpherFi,0x0013AF00,0x0013AF08,8
Modify__9ccMorpherFP16ccDrawModelParam,0x0013AF10,0x0013B284,884
Duplicate__5ccObjFUi,0x0013B290,0x0013B5B8,808
Init__5ccObjFP10ccObjChunkPP7ccCoordUi,0x0013B5C0,0x0013B834,628
__dt__5ccObjFv,0x0013B840,0x0013B8F0,176
SetModel__5ccObjFP7ccModel,0x0013B8F0,0x0013B964,116
SetRenderState__5ccObjF20CC_RENDER_STATE_TYPEi,0x0013B970,0x0013B9F8,136
Init__6ccPartFP11ccPartChunk,0x0013BA00,0x0013BA18,24
Init__5ccEffFP10ccEffChunki,0x0013BA20,0x0013BB18,248
ChangeClut__5ccEffFP11ccClutChunkP11ccClutChunk,0x0013BB20,0x0013BB38,24
SetRenderState__5ccEffF20CC_RENDER_STATE_TYPEi,0x0013BB40,0x0013BBFC,180
SetBlendType__5ccEffFi,0x0013BC00,0x0013BC90,144
Draw__5ccEffFPfUs,0x0013BC90,0x0013BCB0,32
Draw__5ccEffFUs,0x0013BCB0,0x0013C330,1664
Init__8ccEffObjFP10ccEffChunk,0x0013C330,0x0013C3AC,124
ChangeClut__8ccEffObjFP11ccClutChunkP11ccClutChunk,0x0013C3B0,0x0013C3C8,24
SetRenderState__8ccEffObjF20CC_RENDER_STATE_TYPEi,0x0013C3D0,0x0013C484,180
DrawNoAnm__8ccEffObjFv,0x0013C490,0x0013C504,116
Animate__8ccEffObjFi,0x0013C510,0x0013C570,96
StartAnm__8ccEffObjFv,0x0013C570,0x0013C57C,12
EndAnm__8ccEffObjFv,0x0013C580,0x0013C5B4,52
CheckAnimate__8ccEffObjFv,0x0013C5C0,0x0013C5DC,28
Init__7ccClumpFP12ccClumpChunk,0x0013C5E0,0x0013C9C0,992
__dt__7ccClumpFv,0x0013C9C0,0x0013CB30,368
Duplicate__7ccClumpFUi,0x0013CB30,0x0013CF44,1044
HitEnable__7ccClumpFv,0x0013CF50,0x0013CFE8,152
HitEnable__7ccClumpFi,0x0013CFF0,0x0013D0A8,184
HitDisable__7ccClumpFv,0x0013D0B0,0x0013D148,152
SetHitMatrix__7ccClumpFP7ccCoord,0x0013D150,0x0013D240,240
SetHitMatrix__7ccClumpFPA4_f,0x0013D240,0x0013D300,192
GetObjAdrsF__7ccClumpFPCciP19ccSubstSearchResult,0x0013D300,0x0013D434,308
ChangeTex__7ccClumpFP10ccTexChunkP15ccMaterialChunk,0x0013D440,0x0013D530,240
ChangeClut__7ccClumpFP11ccClutChunkP11ccClutChunk,0x0013D530,0x0013D608,216
ChangeClut__7ccClumpFP11ccClutChunkP15ccMaterialChunk,0x0013D610,0x0013D6C0,176
SetFogSw__7ccClumpFi,0x0013D6C0,0x0013D760,160
SetShadowSw__7ccClumpFi,0x0013D760,0x0013D7D0,112
SetTransparency__7ccClumpFf,0x0013D7D0,0x0013D848,120
ccModelDmaTag_GetUseSize__FUiUs,0x0013D850,0x0013D8B0,96
ccModelDmaVertex_GetUseSize__FUi,0x0013D8B0,0x0013D8CC,28
ccModelDmaNormal_GetUseSize__FUi,0x0013D8D0,0x0013D8E4,20
ccModelDmaColor_GetUseSize__FUi,0x0013D8F0,0x0013D904,20
ccModelDmaST_GetUseSize__FUi,0x0013D910,0x0013D924,20
ccModelDmaTag_SetTag__FP10_sceDmaTagUiUs,0x0013D930,0x0013DAE0,432
ccModelDmaTag_SetVertex__FP10_sceDmaTagUiUsP16ccModelDmaVertex,0x0013DAE0,0x0013DBA0,192
ccModelDmaTag_SetNormal__FP10_sceDmaTagUiUsP16ccModelDmaNormal,0x0013DBA0,0x0013DCBC,284
ccModelDmaTag_SetColor__FP10_sceDmaTagUiUsP15ccModelDmaColor,0x0013DCC0,0x0013DDE0,288
ccModelDmaTag_SetST__FP10_sceDmaTagUiUsP12ccModelDmaST,0x0013DDE0,0x0013DE90,176
ccModelDmaData_SetDmaTag__FP6ccMmatUs,0x0013DE90,0x0013DF1C,140
ccSetFogBlendColor__FRfRUifi,0x0013DF20,0x0013E12C,524
ccSetModelPacket__FP16ccDrawModelParam,0x0013E130,0x0013E34C,540
ccSetMatrixPacket__FP16ccDrawModelParam,0x0013E350,0x0013E6B4,868
ccSetMaterialPacket__FP16ccDrawModelParam,0x0013E6C0,0x0013E9D4,788
_ccCheckBoundingBoxEx__FPA4_fP6ccViewPA4_fi,0x0013E9E0,0x0013EAA8,200
Draw__7ccModelFP16ccDrawModelParam,0x0013EAB0,0x0013F20C,1884
Modify__10ccModifierFP16ccDrawModelParam,0x0013F210,0x0013F218,8
Draw__5ccObjFf,0x0013F220,0x0013F3B0,400
CheckBoundingBox__5ccObjFv,0x0013F3B0,0x0013F46C,188
Draw__7ccClumpFv,0x0013F470,0x0013F574,260
sceVu0InversMatrix2__FPA4_fPA4_f,0x0013F580,0x0013F85C,732
DrawBoneType__7ccModelFP16ccDrawModelParam,0x0013F860,0x001400D8,2168
SetShadowNormal2__FP6Spad00,0x001400E0,0x001403BC,732
SetShadowWork2__FP6Spad00iP12ccChunkIndex,0x001403C0,0x00140920,1376
DecodeShadowModel__FP11ccMmatChunkP12ccChunkIndexP14ccStreamReaderR14ccVertexMinMum,0x00140920,0x001412A4,2436
Draw__13ccShadowModelFP16ccDrawModelParam,0x001412B0,0x00141960,1712
SetShadowGSReg__14ccShadowPacketFP7ccLayersssUcUc,0x00141960,0x00141C80,800
TransFrameBuffer__FP7ccLayerssUcUcUiUi,0x00141C80,0x00142060,992
FillTexBuffer__FP7ccLayerssUcUcUiiUi,0x00142060,0x00142358,760
TransShadowTex__14ccShadowPacketFi,0x00142360,0x00142820,1216
FillShadowBuff__14ccShadowPacketFUc,0x00142820,0x00142B14,756
SetShadowPacket__14ccShadowPacketFv,0x00142B20,0x00142E6C,844
SetShadowPacketAll__14ccShadowPacketFv,0x00142E70,0x00142EB8,72
GetPacketList__14ccShadowPacketFi,0x00142EC0,0x00142FEC,300
AddPacket__14ccShadowPacketFiPvPv,0x00142FF0,0x001430A0,176
__ct__14ccShadowPacketFsP6ccView,0x001430A0,0x00143144,164
__ct__14ccShadowPacketFP13ccShadowChunkP6ccView,0x00143150,0x00143244,244
__dt__14ccShadowPacketFv,0x00143250,0x001432EC,156
SetBuffer__14ccShadowPacketFiiii,0x001432F0,0x00143398,168
__dt__10ccModifierFv,0x001433A0,0x001433F4,84
__dt__9ccMorpherFv,0x00143400,0x00143460,96
__dt__11ccOmniLightFv,0x00143460,0x00143534,212
__dt__11ccSpotLightFv,0x00143540,0x00143614,212
__dt__13ccDirectLightFv,0x00143620,0x001436F4,212
__dt__14ccDistantLightFv,0x00143700,0x001437D4,212
__ct__14ccStreamReaderFv,0x001437E0,0x00143808,40
__dt__14ccStreamReaderFv,0x00143810,0x00143864,84
SetStreamBuffer__14ccStreamReaderFPvisPFv_ss,0x00143870,0x0014387C,12
SetDataAdrs__14ccStreamReaderFPv,0x00143880,0x00143888,8
Init__8ccStreamFP14ccStreamReader,0x00143890,0x00143A1C,396
__ct__8ccStreamFP14ccStreamReader,0x00143A20,0x00143A4C,44
GetCCSAdrs__8ccStreamFPCc,0x00143A50,0x00143AB8,104
GetCCSAdrsNE__8ccStreamFPCc,0x00143AC0,0x00143B20,96
GetCCSAdrs__8ccStreamFP8ccStream,0x00143B20,0x00143B54,52
__dt__8ccStreamFv,0x00143B60,0x00144228,1732
DelBboxChunk__8ccStreamFP11ccBboxChunk,0x00144230,0x00144238,8
DelModelChunk__8ccStreamFP12ccModelChunk,0x00144240,0x001442E8,168
DelClumpChunk__8ccStreamFP12ccClumpChunk,0x001442F0,0x00144320,48
DelPartChunk__8ccStreamFP11ccPartChunk,0x00144320,0x00144328,8
DelObjChunk__8ccStreamFP10ccObjChunk,0x00144330,0x00144338,8
DelEffChunk__8ccStreamFP10ccEffChunk,0x00144340,0x00144348,8
DelHitChunk__8ccStreamFP10ccHitChunk,0x00144350,0x00144380,48
DelMaterialChunk__8ccStreamFP15ccMaterialChunk,0x00144380,0x00144388,8
DelCamChunk__8ccStreamFP10ccCamChunk,0x00144390,0x00144398,8
DelLightChunk__8ccStreamFPv,0x001443A0,0x001443A8,8
DecodeSetup__8ccStreamFv,0x001443B0,0x001444D0,288
GetChunkAdrs__8ccStreamFPCcP19ccChunkSearchResult,0x001444D0,0x00144574,164
GetChunkAdrsF__8ccStreamFPCci,0x00144580,0x0014462C,172
GetSubstAdrsF__8ccStreamFPCci,0x00144630,0x00144730,256
ConvALCNum_Obj__FP14ccStreamReaderRPUcP16ccAnmIndexCntTblRUi,0x00144730,0x0014497C,588
ConvALCNum_Camera__FP14ccStreamReaderRPUcP16ccAnmIndexCntTblRUi,0x00144980,0x00144B60,480
ConvALCNum_ModelVertex__FP14ccStreamReaderRPUcP16ccAnmIndexCntTblRUi,0x00144B60,0x00144CF4,404
ConvALCNum_FsetMatCtrl__FP14ccStreamReaderRPUcP16ccAnmIndexCntTblRUiUi,0x00144D00,0x00144E84,388
ConvLCNum2ALCNum__10ccAnmChunkFP14ccStreamReaderRPUcP16ccAnmIndexCntTblRUiUs,0x00144E90,0x00146138,4776
ccAnmCtrlColor_GetSize__FUi,0x00146140,0x00146170,48
ccAnmCtrlColor_Init__FRPcPvUi,0x00146170,0x001461D4,100
ccAnmCtrlColor_Set__FPfRPcUiUi,0x001461E0,0x00146310,304
ccAnmCtrlColor_SetCtrl__FP14ccStreamReaderRPUcUiUi,0x00146310,0x0014648C,380
ccAnmCtrlFloat_GetSize__FUi,0x00146490,0x001464C0,48
ccAnmCtrlFloat_Init__FRPcPvUi,0x001464C0,0x00146524,100
ccAnmCtrlFloat_Set__FRfRPcUiUif,0x00146530,0x00146654,292
ccAnmCtrlFloat_SetCtrl__FP14ccStreamReaderRPUcUiUi,0x00146660,0x001467E4,388
ccAnmCtrlFVec3_GetSize__FUi,0x001467F0,0x00146820,48
ccAnmCtrlFVec3_Init__FRPcPvUi,0x00146820,0x00146890,112
ccAnmCtrlFVec3_Set__FPfRPcUiUi,0x00146890,0x00146A14,388
ccAnmCtrlFVec3_Set__FPA4_fRPcUiUi,0x00146A20,0x00146BD8,440
ccAnmCtrlFVec3_SetCtrl__FP14ccStreamReaderRPUcUiUi,0x00146BE0,0x00146DFC,540
ccAnmCtrlRot_GetSize__FUi,0x00146E00,0x00146E30,48
ccAnmCtrlRot_Init__FRPcPvUi,0x00146E30,0x00146F28,248
ccAnmCtrlRot_Set__FPA4_fRPcUiUi,0x00146F30,0x001470C0,400
ccAnmCtrlRot_SetCtrl__FP14ccStreamReaderRPUcUiUi,0x001470C0,0x001474A8,1000
MakeAnimeIndex__8ccStreamFP10ccAnmChunk,0x001474B0,0x001476C0,528
CompleteIndexChunkAdrs__8ccStreamFv,0x001476C0,0x00147938,632
CompleteChunkAdrs__8ccStreamFv,0x00147940,0x00147A60,288
CompleteChunk__8ccStreamFv,0x00147A60,0x00147F24,1220
CompleteDecodeSetup__8ccStreamFv,0x00147F30,0x00147FE8,184
DelAll__9ccAnmNoteFv,0x00147FF0,0x00148030,64
DeleteAnmIndex__8ccStreamFv,0x00148030,0x001481B8,392
DelSceneObject__8ccStreamFv,0x001481C0,0x0014833C,380
__dt__21ccStreamDrawLayerListFv,0x00148340,0x001483FC,188
Draw__21ccStreamDrawLayerListFv,0x00148400,0x00148530,304
SetTransparency__21ccStreamDrawLayerListFf,0x00148530,0x001485F8,200
__ct__13ccShadowChunkFv,0x00148600,0x00148638,56
InitScene__8ccStreamFP7ccLayerP9ccDrawEnv,0x00148640,0x001493F4,3508
ccStream_PlaySceneThread__FP6ccTscb,0x00149400,0x00149448,72
PlayScene__8ccStreamFUiPvUi,0x00149450,0x001494C0,112
PlaySceneMain__8ccStreamFP6ccTscbPvUi,0x001494C0,0x0014972C,620
EndScene__8ccStreamFv,0x00149730,0x0014978C,92
ResetScene__8ccStreamFv,0x00149790,0x00149854,196
PrtDebugStatus__8ccStreamFii,0x00149860,0x00149990,304
ccSetHitData__FP11HIT_POLYGONPA4_fiUi,0x00149990,0x00149D18,904
DecodeHeaderSection__8ccStreamFv,0x00149D20,0x00149E10,240
DecodeIndexSection__8ccStreamFv,0x00149E10,0x00149FE8,472
DecodeSetupSection__8ccStreamFv,0x00149FF0,0x0014A358,872
Decode_Setup__8ccStreamFv,0x0014A360,0x0014A368,8
Decode_FBPage__8ccStreamFv,0x0014A370,0x0014A3EC,124
Decode_FBRect__8ccStreamFv,0x0014A3F0,0x0014A438,72
Decode_BltGrp__8ccStreamFv,0x0014A440,0x0014A4BC,124
Decode_Bbox__8ccStreamFv,0x0014A4C0,0x0014A5F4,308
Decode_Mmat02__8ccStreamFP12ccModelChunkP11ccMmatChunkUsR14ccVertexMinMum,0x0014A600,0x0014B890,4752
Decode_Mmat01__8ccStreamFP12ccModelChunkP11ccMmatChunkUsR14ccVertexMinMum,0x0014B890,0x0014BCD8,1096
Decode_Model__8ccStreamFv,0x0014BCE0,0x0014C130,1104
Decode_Anime__8ccStreamFv,0x0014C130,0x0014C1F8,200
Decode_Clump__8ccStreamFv,0x0014C200,0x0014C33C,316
Decode_Particle__8ccStreamFv,0x0014C340,0x0014C3D8,152
Decode_Shadow__8ccStreamFv,0x0014C3E0,0x0014C4D0,240
__dt__15ccLayerChunkTblFv,0x0014C4D0,0x0014C544,116
Decode_Morpher__8ccStreamFv,0x0014C550,0x0014C5C8,120
Decode_Layer__8ccStreamFv,0x0014C5D0,0x0014C8E8,792
Decode_Obj2__8ccStreamFv,0x0014C8F0,0x0014CA34,324
Decode_Obj__8ccStreamFv,0x0014CA40,0x0014CB7C,316
Decode_ExtObj__8ccStreamFv,0x0014CB80,0x0014CC9C,284
Decode_Eff__8ccStreamFv,0x0014CCA0,0x0014CE50,432
Decode_Hit__8ccStreamFv,0x0014CE50,0x0014D300,1200
Decode_Material__8ccStreamFv,0x0014D300,0x0014D3DC,220
Decode_Camera__8ccStreamFv,0x0014D3E0,0x0014D440,96
Decode_Light__8ccStreamFv,0x0014D440,0x0014D4C8,136
Decode_DummyPos__8ccStreamFv,0x0014D4D0,0x0014D570,160
Decode_DummyPosRot__8ccStreamFv,0x0014D570,0x0014D658,232
Decode_Clut__8ccStreamFv,0x0014D660,0x0014D994,820
Decode_Texture__8ccStreamFv,0x0014D9A0,0x0014DDA4,1028
Decode_Pcm__8ccStreamFv,0x0014DDB0,0x0014DED0,288
DecodeFrameSection__8ccStreamFv,0x0014DED0,0x0014E1A8,720
DecodeFrameChunk__8ccStreamFUiUii,0x0014E1B0,0x0014E454,676
Decode_Frame__8ccStreamFv,0x0014E460,0x0014E490,48
DecodeF_Top__8ccStreamFv,0x0014E490,0x0014E498,8
DecodeF_Pcm__8ccStreamFv,0x0014E4A0,0x0014E5B0,272
DecodeF_Material__8ccStreamFv,0x0014E5B0,0x0014E6E0,304
DecodeF_Morpher__8ccStreamFv,0x0014E6E0,0x0014E824,324
DecodeF_Shadow__8ccStreamFv,0x0014E830,0x0014E948,280
DecodeF_Obj__8ccStreamFv,0x0014E950,0x0014ECD8,904
DecodeF_Camera__8ccStreamFv,0x0014ECE0,0x0014EEF0,528
DecodeF_Ambient__8ccStreamFv,0x0014EEF0,0x0014EF78,136
DecodeF_DistantLight__8ccStreamFv,0x0014EF80,0x0014F124,420
DecodeF_DirectLight__8ccStreamFv,0x0014F130,0x0014F3B0,640
DecodeF_SpotLight__8ccStreamFv,0x0014F3B0,0x0014F6A0,752
DecodeF_OmniLight__8ccStreamFv,0x0014F6A0,0x0014F830,400
DecodeF_Note__8ccStreamFUi,0x0014F830,0x0014F92C,252
DecodeF_ModelVertex__8ccStreamFv,0x0014F930,0x0014FAF4,452
DecodeF_ModelNormal__8ccStreamFv,0x0014FB00,0x0014FC7C,380
__ct__5ccAnmFv,0x0014FC80,0x0014FCE8,104
__dt__5ccAnmFv,0x0014FCF0,0x0014FE0C,284
DeleteAnmIndex__5ccAnmFv,0x0014FE10,0x0014FFB0,416
ApplyClump__5ccAnmFP7ccClumpP8ccStream,0x0014FFB0,0x0014FFF4,68
ResetAnmCtrlWork__5ccAnmFP13ccAnmCtrlWork,0x00150000,0x00150354,852
InitAnmCtrlWork__5ccAnmFP9ccAnmCtrlP10ccAnmIndex,0x00150360,0x00150670,784
SetAnmCtrlWork__5ccAnmFP13ccAnmCtrlWorki,0x00150670,0x00150F44,2260
SetAnm__5ccAnmFP10ccAnmChunkUi,0x00150F50,0x00151C60,3344
SetAnm__5ccAnmFP8ccStreamPcUi,0x00151C60,0x00151CAC,76
SetLightEnv__5ccAnmF11ccAnmOption,0x00151CB0,0x00151CD4,36
GetSubstAdrs__5ccAnmFPCcP19ccSubstSearchResult,0x00151CE0,0x00151D94,180
GetSubstAdrsF__5ccAnmFPCcb,0x00151DA0,0x00151E5C,188
HitEnable__5ccAnmFv,0x00151E60,0x00151F2C,204
HitEnable__5ccAnmFi,0x00151F30,0x0015201C,236
HitDisable__5ccAnmFv,0x00152020,0x001520EC,204
SetHitMatrix__5ccAnmFv,0x001520F0,0x0015220C,284
NoteProcess__5ccAnmFv,0x00152210,0x0015226C,92
_AnimateForward__5ccAnmFUi,0x00152270,0x001523F8,392
_AnimateFrame__5ccAnmFUi,0x00152400,0x001524CC,204
Draw__5ccAnmFv,0x001524D0,0x001528D4,1028
GetAmbient__5ccAnmFPf,0x001528E0,0x001529D8,248
SetShadowSw__5ccAnmFi,0x001529E0,0x00152A54,116
SetFogSw__5ccAnmFi,0x00152A60,0x00152B04,164
SetRenderState__5ccAnmF20CC_RENDER_STATE_TYPEi,0x00152B10,0x00152BD4,196
SetBlendType__5ccAnmFUc,0x00152BE0,0x00152CF4,276
ChangeClut__5ccAnmFP11ccClutChunkP11ccClutChunk,0x00152D00,0x00152DD4,212
SetUV__5ccAnmFiiP15ccMaterialChunki,0x00152DE0,0x00152EB4,212
initHitCheck1__Fv,0x00152EC0,0x00152EE0,32
collisionLP__FPfPfPfPfPfPf,0x00152EE0,0x00153214,820
__ct__9ccCharHitFv,0x00153220,0x00153294,116
__dt__9ccCharHitFv,0x001532A0,0x0015330C,108
HitEnable__9ccCharHitFv,0x00153310,0x00153360,80
HitDisable__9ccCharHitFv,0x00153360,0x001533EC,140
SetHitSW__9ccCharHitFi,0x001533F0,0x00153470,128
CollisionDetection__9ccCharHitFv,0x00153470,0x00153674,516
__ct__10ccModelHitFv,0x00153680,0x001536EC,108
__dt__10ccModelHitFv,0x001536F0,0x0015375C,108
HitEnable__10ccModelHitFi,0x00153760,0x001537D8,120
HitDisable__10ccModelHitFv,0x001537E0,0x00153874,148
MultiplexEntryCheck__10ccModelHitFv,0x00153880,0x001538C8,72
ccHitCheckLM__FPfPfUi,0x001538D0,0x001538F4,36
ccHitCheckLM2__FPfPfUi,0x00153900,0x00153924,36
_ccHitCheckLM__FPfPfUii,0x00153930,0x00153A24,244
prepareHitLine__FP8HIT_LINEPfPfUiP10ccModelHit,0x00153A30,0x00153BDC,428
prepareHitSphere__FP10HIT_SPHEREPffUiP10ccModelHit,0x00153BE0,0x00153CD4,244
setNearest__Fv,0x00153CE0,0x00153E74,404
checkHitResultAttlibute__Fv,0x00153E80,0x00153F60,224
collisionLM__FP8HIT_LINEP10ccModelHiti,0x00153F60,0x001545D8,1656
collisionQM__FP10HIT_SPHEREP10ccModelHiti,0x001545E0,0x0015517C,2972
makeNormal__FPfPfPfPf,0x00155180,0x0015520C,140
normal2Angle__FPfPf,0x00155210,0x001552D4,196
ccHitResultGrouping__Fv,0x001552E0,0x001555F8,792
ccModelHitCheckQ__FPfPffUii,0x00155600,0x00155930,816
ccModelHitCheckQZ__FPfPffUii,0x00155930,0x00155C60,816
__ct__14ccRingBufferThFv,0x00155C60,0x00155CB0,80
__dt__14ccRingBufferThFv,0x00155CB0,0x00155D10,96
OpenData__14ccRingBufferThFPv,0x00155D10,0x00155DCC,188
OpenBufferData__14ccRingBufferThFPvUiUi,0x00155DD0,0x00155E24,84
OpenBuffer__14ccRingBufferThFUiUi,0x00155E30,0x00155E60,48
OpenBuffer__14ccRingBufferThFPvUiUi,0x00155E60,0x00155F54,244
CloseBuffer__14ccRingBufferThFv,0x00155F60,0x00156000,160
ResetBuffer__14ccRingBufferThFv,0x00156000,0x001560A0,160
CheckCancelWriteBlock__14ccRingBufferThFv,0x001560A0,0x001560AC,12
EndWriteBlock__14ccRingBufferThFv,0x001560B0,0x00156164,180
CheckWriteBlock__14ccRingBufferThFPPc,0x00156170,0x001562D4,356
SetWriteBlock__14ccRingBufferThFUi,0x001562E0,0x001562F4,20
CancelReadBlock__14ccRingBufferThFv,0x00156300,0x001563F4,244
EndReadBlock__14ccRingBufferThFv,0x00156400,0x001564AC,172
CheckReadBlock__14ccRingBufferThFPPc,0x001564B0,0x00156610,352
SetReadBlock__14ccRingBufferThFUi,0x00156610,0x00156624,20
GetReadPointer__14ccRingBufferThFv,0x00156630,0x00156654,36
SetReadPointer__14ccRingBufferThFPv,0x00156660,0x001566B4,84
ReadU8__14ccRingBufferThFv,0x001566C0,0x00156728,104
ReadU16__14ccRingBufferThFv,0x00156730,0x00156798,104
ReadS16__14ccRingBufferThFv,0x001567A0,0x00156808,104
ReadU32__14ccRingBufferThFv,0x00156810,0x00156878,104
ReadS32__14ccRingBufferThFv,0x00156880,0x001568E8,104
ReadFloat__14ccRingBufferThFv,0x001568F0,0x00156958,104
ReadStruct__14ccRingBufferThFPvUi,0x00156960,0x00156A9C,316
ReadPadding__14ccRingBufferThFi,0x00156AA0,0x00156AC8,40
__ct__8ccUngzipFv,0x00156AD0,0x00156B20,80
__dt__8ccUngzipFv,0x00156B20,0x00156B84,100
SetBuffer__8ccUngzipFP14ccRingBufferThP14ccRingBufferTh,0x00156B90,0x00156BA0,16
Decode__8ccUngzipFUi,0x00156BA0,0x00156DD8,568
updcrc__8ccUngzipFPUcUi,0x00156DE0,0x00156E48,104
GetMethod__8ccUngzipFi,0x00156E50,0x00157558,1800
flush_window__8ccUngzipFv,0x00157560,0x001576A8,328
huft_build__8ccUngzipFPUiUiUiPUsPUsPPQ28ccUngzip4huftPi,0x001576B0,0x00157CFC,1612
huft_free__8ccUngzipFPQ28ccUngzip4huft,0x00157D00,0x00157D50,80
inflate_codes__8ccUngzipFPQ28ccUngzip4huftPQ28ccUngzip4huftii,0x00157D50,0x00158414,1732
inflate_stored__8ccUngzipFv,0x00158420,0x001586B4,660
inflate_fixed__8ccUngzipFv,0x001586C0,0x00158920,608
inflate_dynamic__8ccUngzipFv,0x00158920,0x00159344,2596
inflate_block__8ccUngzipFPi,0x00159350,0x0015952C,476
inflate__8ccUngzipFv,0x00159530,0x00159620,240
ccCdInit__Fv,0x00159620,0x00159890,624
__ct__6ccCdvdFv,0x00159890,0x001598A0,16
Read2__6ccCdvdFUiUiPv,0x001598A0,0x00159978,216
ccLoadModule__FPciPc,0x00159980,0x00159A34,180
ccCdStRead__FUiPvUiRUiR10sceCdRMode,0x00159A40,0x00159BBC,380
ReadSt__6ccCdvdFUiPv,0x00159BC0,0x00159BF8,56
StStart__6ccCdvdFUi,0x00159C00,0x00159C80,128
StInit__6ccCdvdFv,0x00159C80,0x00159CB8,56
__ct__6ccTscbFi,0x00159CC0,0x00159D40,128
GoThread__6ccTscbFPFPv_vi,0x00159D40,0x00159E10,208
Breath__6ccTscbFi,0x00159E10,0x00159EC8,184
ccStartThread__FPFPv_vii,0x00159ED0,0x00159F6C,156
ccDeleteThread__FP6ccTscb,0x00159F70,0x0015A004,148
ccDeleteAllThread__Fv,0x0015A010,0x0015A0BC,172
ccSleepThread__FP6ccTscb,0x0015A0C0,0x0015A14C,140
ccSleepAllThread__Fv,0x0015A150,0x0015A1F4,164
ccSleepNoSleepThread__Fii,0x0015A200,0x0015A2BC,188
ccWakeThread__FP6ccTscb,0x0015A2C0,0x0015A2E0,32
ccWakeAllThread__Fv,0x0015A2E0,0x0015A320,64
ccBreathThread__Fi,0x0015A320,0x0015A430,272
ccCheckThreadMoving__Fi,0x0015A430,0x0015A478,72
ccCheckThreadMovingName__FPc,0x0015A480,0x0015A508,136
ccInitThread__Fv,0x0015A510,0x0015A5B4,164
ccThControl__FPv,0x0015A5C0,0x0015A75C,412
ccThEndProcess__FPv,0x0015A760,0x0015A77C,28
main,0x0015A780,0x0015A838,184
vLineSysInit__Fi,0x0015A840,0x0015A848,8
vLineSend__Fv,0x0015A850,0x0015A858,8
__ct__8ccSpriteFv,0x0015A860,0x0015A904,164
__dt__8ccSpriteFv,0x0015A910,0x0015A958,72
SetPrim__8ccSpriteFii,0x0015A960,0x0015ABA8,64
SendPacket__8ccSpriteFv,0x0015ABB0,0x0015AE7C,716
MakePacket__8ccSpriteFii,0x0015AE80,0x0015AEC4,68
MakePacketStr__8ccSpriteFPci,0x0015AED0,0x0015C0B4,4580
SetTag__8ccSpriteFP11ccSpriteTex,0x0015C0C0,0x0015C1EC,300
CopyTex__8ccSpriteFP8ccSprite,0x0015C1F0,0x0015C208,24
Trans__8ccSpriteFv,0x0015C210,0x0015C2F0,224
SetTex__8ccSpriteFPcPci,0x0015C2F0,0x0015C4A8,440
__ct__6ccMaskFii,0x0015C4B0,0x0015C558,168
__dt__6ccMaskFv,0x0015C560,0x0015C5D4,116
SendPacketS__6ccMaskFv,0x0015C5E0,0x0015C688,168
MakePacketS__6ccMaskFii,0x0015C690,0x0015C900,624
fontInit__Fv,0x0015C900,0x0015CA64,356
fontSetup__Fv,0x0015CA70,0x0015CB00,144
fontSend__FP7ccLayer,0x0015CB00,0x0015CB90,144
fontOnFlip__Fv,0x0015CB90,0x0015CBD0,64
fontOffFlip__Fv,0x0015CBD0,0x0015CC20,80
SetType__6ccFontFi,0x0015CC20,0x0015CD40,288
MakeNum__6ccFontFiiUl,0x0015CD40,0x0015CDD4,148
MakeSignedNum__6ccFontFil,0x0015CDE0,0x0015CE48,104
bits2str__FiiUlPc,0x0015CE50,0x0015CEC0,112
dec2str__FiUlPci,0x0015CEC0,0x0015CFBC,252
sdec2str__FilPci,0x0015CFC0,0x0015D0F0,304
Init__7ccKanjiFii,0x0015D0F0,0x0015D2F4,516
__dt__7ccKanjiFv,0x0015D300,0x0015D390,144
ccGetExtendedCode__FUs,0x0015D390,0x0015D490,256
Extract__7ccKanjiFPc,0x0015D490,0x0015E37C,3820
Disp__7ccKanjiFPciff,0x0015E380,0x0015EDB0,2608
SetClm__7ccKanjiFiiii,0x0015EDB0,0x0015EE40,144
ccInitKanji__Fii,0x0015EE40,0x0015EEC8,136
ccKanjiStrcat__FPcPci,0x0015EED0,0x0015F11C,588
ccKanjiStrlen__FPc,0x0015F120,0x0015F294,372
ccKanjiStrWidth__FPci,0x0015F2A0,0x0015F860,1472
ccKanjiStrSeparate__FPci,0x0015F860,0x0015F8E0,128
dec2sjis__FiPcii,0x0015F8E0,0x0015FA28,328
sjis2dec__FPc,0x0015FA30,0x0015FAA0,112
__ct__8ccScFadeFv,0x0015FAA0,0x0015FAE4,68
__dt__8ccScFadeFv,0x0015FAF0,0x0015FB38,72
Init__8ccScFadeFv,0x0015FB40,0x0015FB7C,60
SendPacket__8ccScFadeFv,0x0015FB80,0x00160238,1720
EntryFlash__8ccScFadeFiiffff,0x00160240,0x001602D0,144
EntryFlash2__8ccScFadeFiiiffff,0x001602D0,0x00160360,144
EntryFlash3__8ccScFadeFiiiiffff,0x00160360,0x001603F8,152
EntryFade__8ccScFadeFiiiffff,0x00160400,0x00160488,136
ContinueFade__8ccScFadeFiii,0x00160490,0x001604C4,52
CheckFade__8ccScFadeFi,0x001604D0,0x00160510,64
DeleteFade__8ccScFadeFi,0x00160510,0x0016052C,28
SetTag__8ccScFadeFP13ccScFadeTexDL,0x00160530,0x0016060C,220
ccThCamera__FPv,0x00160610,0x001609C4,948
ccThCameraDelete__FPv,0x001609D0,0x00160A00,48
cameraInit__Fi,0x00160A00,0x00160C94,660
checkCameraID__Fv,0x00160CA0,0x00160CAC,12
checkCameraType__Fv,0x00160CB0,0x00160CC0,16
cameraMain__Fv,0x00160CC0,0x001611A0,1248
setCameraCtrlType__Fi,0x001611A0,0x00161244,164
checkCameraCtrlType__Fv,0x00161250,0x0016125C,12
cameraSet__Fv,0x00161260,0x001614C8,616
cameraSetPos__FPfi,0x001614D0,0x0016150C,60
cameraSetView__FPfi,0x00161510,0x00161550,64
cameraSetRot__FPfi,0x00161550,0x00161590,64
cameraGetPos__FPfi,0x00161590,0x001615C4,52
cameraGetView__FPfi,0x001615D0,0x00161608,56
cameraGetRot__FPfi,0x00161610,0x001616FC,236
cameraGetRot2__FPfi,0x00161700,0x001617EC,236
changeCamera__Fi,0x001617F0,0x00161814,36
cameraSetManual__FPf,0x00161820,0x0016186C,76
cameraPosCalc__FPfP6CAMERA,0x00161870,0x00162014,1956
cameraSetEyeLevel__FPfPf,0x00162020,0x0016242C,1036
avoidObstacle__FPfPfPfP6CAMERA,0x00162430,0x00162864,1076
cameraParamChange__FPfPf,0x00162870,0x001629A8,312
cameraShockAbsorber__Fv,0x001629B0,0x00162CD0,800
cameraShake__Fiiii,0x00162CD0,0x00162F04,564
checkCameraShakeRange__FPf,0x00162F10,0x00162FA4,148
checkCameraDistModValue__Fv,0x00162FB0,0x001631C8,536
cameraSoftReset__Fv,0x001631D0,0x00163228,88
cameraSoftResetParam__Fssf,0x00163230,0x001633BC,396
ccTransPosW2CZW__FPfPff,0x001633C0,0x00163440,128
ccInitFileList__Fv,0x00163440,0x00163570,304
ccFileListDeleteOne__FP10ccFileList,0x00163570,0x001639B4,1092
ccAddFileList__FP10ccFileList,0x001639C0,0x00163BCC,524
ccAddFileListOne__FP10ccFileList,0x00163BD0,0x00163DAC,476
ccAddFileListName__FiPc,0x00163DB0,0x00163FCC,540
fileConflictCheck__FP10ccFileList,0x00163FD0,0x001640F0,288
ccFileExistCheck__Fi,0x001640F0,0x001642FC,524
ccLoadResourceFL__Fv,0x00164300,0x001643A4,164
FileReadTh__FP6ccTscb,0x001643B0,0x001644C0,272
UngzipTh__FP6ccTscb,0x001644C0,0x00164534,116
ccFileListLoad__FPv,0x00164540,0x001651C4,3204
searchFname__FP8FILELIST,0x001651D0,0x00165414,580
ccLoadFLAdd__FP10ccFileList,0x00165420,0x00165454,52
ccLoadFLAddOne__FP10ccFileList,0x00165460,0x00165494,52
ccLoadFLStart__Fv,0x001654A0,0x0016552C,140
loadCheck__Fv,0x00165530,0x00165630,256
ccMcardInit__Fv,0x00165630,0x001656AC,124
__ct__7ccMcardFv,0x001656B0,0x00165724,116
getInfo__7ccMcardFii,0x00165730,0x00165924,500
Format__7ccMcardFii,0x00165930,0x001659A8,120
MakeDir__7ccMcardFii,0x001659B0,0x001661CC,2076
DataWrite__7ccMcardFiiiPvi,0x001661D0,0x001664A4,724
SaveSys__7ccMcardFiiPvi,0x001664B0,0x00166748,664
DataRead__7ccMcardFiiiPvii,0x00166750,0x00166A04,692
ReadSys__7ccMcardFiiPvii,0x00166A10,0x00166C50,576
CheckPort__7ccMcardFii,0x00166C50,0x0016716C,1308
errorCheck__7ccMcardFii,0x00167170,0x00167178,8
Init__6ccGameFv,0x00167180,0x001671D8,88
ChangeRequest__6ccGameFii,0x001671E0,0x00167314,308
InitScene__6ccGameFv,0x00167320,0x00167378,88
ChangeScene__6ccGameFiiiiii,0x00167380,0x0016749C,284
ChangeArea__6ccGameFii,0x001674A0,0x00167574,212
CheckSceneReplace__6ccGameFv,0x00167580,0x00167614,148
CompArea__6ccGameFv,0x00167620,0x00167640,32
CompTown__6ccGameFv,0x00167640,0x00167660,32
CompField__6ccGameFv,0x00167660,0x00167680,32
CompDungeon__6ccGameFv,0x00167680,0x001676A0,32
SetInBattle__6ccGameFi,0x001676A0,0x001676F8,88
ccResetPlayTime__Fv,0x00167700,0x00167740,64
ccAddPlayTime__Fv,0x00167740,0x001678C0,384
ccThMotherDelete__FPv,0x001678C0,0x00167940,128
ccThMother__FPv,0x00167940,0x00168030,1776
ccLoadOverlay__FiPc,0x00168030,0x001680D4,164
ccThLoadOverlay__FP6ccTscb,0x001680E0,0x00168160,128
ccSetupDemo__Fv,0x00168160,0x00168314,436
ccSetupDesktop__Fv,0x00168320,0x00168570,592
ccSetupToppage__Fv,0x00168570,0x001687A0,560
ccSetupNewGame__Fv,0x001687A0,0x00168958,440
ccSetupGameCtrl__Fv,0x00168960,0x001695A0,3136
ccThExecuteStream__FP6ccTscb,0x001695A0,0x00169610,112
ccSetFileListCmn__Fv,0x00169610,0x00169640,48
ccSetFileListGcmn__Fv,0x00169640,0x0016968C,76
ccSetFileListTown__Fv,0x00169690,0x0016971C,140
ccSetFileListTownDel__Fv,0x00169720,0x0016979C,124
ccSetFileListField__Fv,0x001697A0,0x00169824,132
ccSetFileListFieldDel__Fv,0x00169830,0x001698AC,124
ccSetFileListDungeon__Fv,0x001698B0,0x00169934,132
ccSetFileListDungeonDel__Fv,0x00169940,0x001699BC,124
ccSetFileListDemo__Fv,0x001699C0,0x00169A14,84
ccSetFileListDesktop__Fv,0x00169A20,0x00169A98,120
ccSetFileListToppage__Fv,0x00169AA0,0x00169AF4,84
ccThDtMenuDelete__FPv,0x00169B00,0x00169B28,40
ccThDtMenuDeleteInstant__FPv,0x00169B30,0x00169B5C,44
__ct__8ccDtMenuFv,0x00169B60,0x00169F38,984
__dt__8ccDtMenuFv,0x00169F40,0x0016A0A8,360
InitMenuList__8ccDtMenuFv,0x0016A0B0,0x0016A14C,156
Disp__8ccDtMenuFv,0x0016A150,0x0016A680,1328
ExceptionDisp__8ccDtMenuFv,0x0016A680,0x0016A760,224
StillOff__8ccDtMenuFv,0x0016A760,0x0016A79C,60
OpenMenu__8ccDtMenuFs,0x0016A7A0,0x0016A8DC,316
CheckMenuType__8ccDtMenuFv,0x0016A8E0,0x0016A8FC,28
Select__8ccDtMenuFii,0x0016A900,0x0016AA08,264
SelectXY__8ccDtMenuFiiiiiii,0x0016AA10,0x0016ABF4,484
ccThDtMenu__FPv,0x0016AC00,0x0016AEB0,688
SystemMenu__8ccDtMenuFv,0x0016AEB0,0x0016B318,1128
ControllerMenu__8ccDtMenuFv,0x0016B320,0x0016B798,1144
ccThControllerMenu__FP6ccTscb,0x0016B7A0,0x0016B7F0,80
ControllerMenuDisp__8ccDtMenuFv,0x0016B7F0,0x0016CDE8,5624
VibrationMenu__8ccDtMenuFv,0x0016CDF0,0x0016D140,848
VibrationMenuDisp__8ccDtMenuFv,0x0016D140,0x0016D4C8,904
ScreenMenu__8ccDtMenuFv,0x0016D4D0,0x0016D6C8,504
ScreenMenuDisp__8ccDtMenuFv,0x0016D6D0,0x0016DC80,1456
SoundMenu__8ccDtMenuFv,0x0016DC80,0x0016E058,984
SoundMenuDisp__8ccDtMenuFv,0x0016E060,0x0016E930,2256
ResetMenu__8ccDtMenuFv,0x0016E930,0x0016EE1C,1260
FadeMenu__8ccDtMenuFv,0x0016EE20,0x0016EF8C,364
SaveSelMenu__8ccDtMenuFv,0x0016EF90,0x0016F2B4,804
SaveMenu__8ccDtMenuFv,0x0016F2C0,0x0016FE70,2992
SaveMenuDisp__8ccDtMenuFv,0x0016FE70,0x001708A0,2608
VoiceMenu__8ccDtMenuFv,0x001708A0,0x00170BB0,784
VoiceMenuDisp__8ccDtMenuFv,0x00170BB0,0x00170F38,904
StrwinMenu__8ccDtMenuFv,0x00170F40,0x00171248,776
StrwinMenuDisp__8ccDtMenuFv,0x00171250,0x001715D8,904
ccThSaveSys__FP6ccTscb,0x001715E0,0x00171620,64
__ct__9ccSaveSysFv,0x00171620,0x00171670,80
InitInfo__9ccSaveSysFv,0x00171670,0x001716D4,100
CheckRightInfo__9ccSaveSysFP14ccSaveDataInfo,0x001716E0,0x00171810,304
StartReq__9ccSaveSysFi,0x00171810,0x0017186C,92
EndReq__9ccSaveSysFv,0x00171870,0x001718AC,60
SlotSelectReq__9ccSaveSysFv,0x001718B0,0x001718C8,24
LoadInfoReq__9ccSaveSysFi,0x001718D0,0x00171934,100
LoadInfoPrevReq__9ccSaveSysFi,0x00171940,0x00171990,80
LoadSelectReq__9ccSaveSysFv,0x00171990,0x001719A8,24
LoadDataReq__9ccSaveSysFi,0x001719B0,0x001719E4,52
LoadDataPrevReq__9ccSaveSysFi,0x001719F0,0x00171A14,36
SaveSelectReq__9ccSaveSysFv,0x00171A20,0x00171A38,24
SaveDataReq__9ccSaveSysFi,0x00171A40,0x00171A5C,28
BootCheckReq__9ccSaveSysFv,0x00171A60,0x00171A78,24
BootCheckProccess__9ccSaveSysFv,0x00171A80,0x00171C20,416
MainProccess__9ccSaveSysFv,0x00171C20,0x00173F8C,9068
NextProccess__9ccSaveSysFi,0x00173F90,0x001742F4,868
GetMessage__9ccSaveSysFi,0x00174300,0x00174320,32
__ct__10ccSaveDataFv,0x00174320,0x00174380,96
__dt__10ccSaveDataFv,0x00174380,0x001743C8,72
Init__10ccSaveDataFi,0x001743D0,0x00174D68,2456
NewGame__10ccSaveDataFi,0x00174D70,0x0017510C,924
LoadGame__10ccSaveDataFv,0x00175110,0x001752A0,400
ConvGame__10ccSaveDataFv,0x001752A0,0x00175500,608
SetDefaultWord__10ccSaveDataFv,0x00175500,0x00175D2C,2092
InitSpcParam__10ccSaveDataFv,0x00175D30,0x001761F4,1220
SetSpcBaseMsg__10ccSaveDataFv,0x00176200,0x00176254,84
SetSpcItemTown__10ccSaveDataFv,0x00176260,0x00176608,936
InitTradeItem__10ccSaveDataFv,0x00176610,0x0017679C,396
SetTradeItemTown__10ccSaveDataFv,0x001767A0,0x00176CD4,1332
ccCheckSkillCount__FP11ccEquipmentiP10ccSpcParam,0x00176CE0,0x00176F44,612
GetEquipmentNum__10ccSaveDataFii,0x00176F50,0x00176F94,68
ccGetEquipmentNum__FP11ccEquipmenti,0x00176FA0,0x0017700C,52
ChangeEquipment__10ccSaveDataFiii,0x00177010,0x00177068,88
ccChangeEquipment__FP11ccEquipmentPsiiP10ccSpcParam,0x00177070,0x00177550,1248
AddSkill__10ccSaveDataFii,0x00177550,0x00177588,56
ccAddSkill__FPsi,0x00177590,0x001776D8,328
ccDelSkill__FPsi,0x001776E0,0x00177724,68
AddItem__10ccSaveDataFiiii,0x00177730,0x0017798C,604
GetItemNum__10ccSaveDataFiii,0x00177990,0x00177A20,144
GetItemSlot__10ccSaveDataFi,0x00177A20,0x00177A88,104
GetPlItemSlot__10ccSaveDataFv,0x00177A90,0x00177AE8,88
DelItem__10ccSaveDataFiiii,0x00177AF0,0x00177BC0,208
AddPlItem__10ccSaveDataFiii,0x00177BC0,0x00177DC8,520
DelPlItem__10ccSaveDataFiii,0x00177DD0,0x00177E50,128
GetPlItemNum__10ccSaveDataFii,0x00177E50,0x00177EA8,88
AddFriendship__10ccSaveDataFii,0x00177EB0,0x00177F40,144
DelSpcTradeList__10ccSaveDataFii,0x00177F40,0x00177F68,40
DelNpcTradeList__10ccSaveDataFii,0x00177F70,0x00177F98,40
CheckWriteBbs__10ccSaveDataFRiRi,0x00177FA0,0x0017802C,140
CheckEventEntry__10ccSaveDataFi,0x00178030,0x001780C4,148
ClearEventEntry__10ccSaveDataFi,0x001780D0,0x0017815C,140
SetGateList__10ccSaveDataFii,0x00178160,0x0017824C,236
SetGateRecord__10ccSaveDataFii,0x00178250,0x001782EC,156
CheckFountain__10ccSaveDataFi,0x001782F0,0x00178350,96
SetFountain__10ccSaveDataFi,0x00178350,0x001783F8,168
CheckAreaBan__10ccSaveDataFiiii,0x00178400,0x00178478,120
SetAreaBan__10ccSaveDataFiiii,0x00178480,0x00178570,240
ClearAreaBan__10ccSaveDataFiiii,0x00178570,0x001785F4,132
SetSoundEnv__10ccSaveDataFv,0x00178600,0x00178674,116
CheckTradeCount__10ccSaveDataFii,0x00178680,0x00178700,128
AddTradeCount__10ccSaveDataFii,0x00178700,0x0017879C,156
AddLvErosion__10ccSaveDataFif,0x001787A0,0x00178868,200
SetTimeIdolRank__10ccSaveDataFiPcPc,0x00178870,0x0017899C,300
CheckTimeIdolRankIn__10ccSaveDataFi,0x001789A0,0x00178AC0,288
CheckMail__10ccSaveDataFi,0x00178AC0,0x00178AE8,40
NewMail__10ccSaveDataFi,0x00178AF0,0x00178B80,144
ReadNewMail__10ccSaveDataFi,0x00178B80,0x00178C10,144
ccGetItemName__Fii,0x00178C10,0x00178C84,68
ccGetItemName__FP10ccItemList,0x00178C90,0x00178D0C,124
ccGetItemComment__Fii,0x00178D10,0x00178D84,68
ccGetItemIcon__Fii,0x00178D90,0x00178E78,48
ccGetItemIcon__FP10ccItemList,0x00178E80,0x00178EAC,44
ccGetItemPrice__Fii,0x00178EB0,0x00178F24,68
ccGetItemPrice__FP10ccItemList,0x00178F30,0x00178FAC,124
ccGetItemTradeRate__FPsii,0x00178FB0,0x001790F8,92
ccGetItemEditCode__Fi,0x00179100,0x001794A8,936
ccSetMainVol__Fi,0x001794B0,0x001794EC,60
ccSetBgmVol__Fi,0x001794F0,0x0017953C,76
ccSetSeVol__Fi,0x00179540,0x0017958C,76
ccSetInputVol__Fi,0x00179590,0x001795E4,84
ccSetOutputMode__Fi,0x001795F0,0x00179630,64
ccSndChangeOption__Fv,0x00179630,0x001798E4,692
ccSqPlay__Fi,0x001798F0,0x001799B0,192
ccSqPlayVol__FiUs,0x001799B0,0x00179A98,232
ccSqStop__Fi,0x00179AA0,0x00179B48,168
ccSqFade__FiUsiUc,0x00179B50,0x00179C10,192
ccSeOn__Fi,0x00179C10,0x00179CB0,160
ccSeOnNote__Fic,0x00179CB0,0x00179D8C,220
ccSeOn3D__FiPf,0x00179D90,0x00179F50,448
ccSeOn3DNote__FiPfc,0x00179F50,0x0017A134,484
ccSeOn3DLoop__FiPf,0x0017A140,0x0017A364,548
calcVel__FPfP5SETBL,0x0017A370,0x0017A4C0,336
calcPan__FPf,0x0017A4C0,0x0017A620,352
ccSeOffLoop__Fii,0x0017A620,0x0017A6A4,132
ccSeOnPCStep__FP6ccChar,0x0017A6B0,0x0017A7EC,316
seHitAttr__Fi,0x0017A7F0,0x0017AA1C,556
ccSeSetParamSPC__FUiP6ccChar,0x0017AA20,0x0017AAE8,200
ccSeSetParamPC__FUiP6ccChari,0x0017AAF0,0x0017ABCC,220
ccSeSetParamEnemy__FUiP6ccChari,0x0017ABD0,0x0017AC6C,156
ccSeSetParamInu__FUiP6ccChar,0x0017AC70,0x0017AD68,248
ccPortVolSet__FiUs,0x0017AD70,0x0017AE08,152
ccAllSoundOff__Fv,0x0017AE10,0x0017AE5C,76
ccSoundFadeOut__Fv,0x0017AE60,0x0017B018,440
ccSndBgmCtrl__Fv,0x0017B020,0x0017BAB4,2708
waterTest__Fv,0x0017BAC0,0x0017BF1C,1116
tobjSeLoopStart__FPf,0x0017BF20,0x0017C0C8,424
tobjSeLoop__FPff,0x0017C0D0,0x0017C3B4,740
bgmChurch__Fv,0x0017C3C0,0x0017C6CC,780
bgmBreed__Fv,0x0017C6D0,0x0017CA98,968
ccSndStreamSE__FP9ccAnmNote,0x0017CAA0,0x0017CB1C,124
ccSndStreamBGM__Fi,0x0017CB20,0x0017D190,1648
ccSndStreamCtrl__FiP10STREAMDATAi,0x0017D190,0x0017DE80,3312
ccSndEvRequest__Fiiii,0x0017DE80,0x0017E284,80
ccWordsPlay__FiP6ccChar,0x0017E290,0x0017E34C,188
skillVoicePlay__Fv,0x0017E350,0x0017E680,816
ccBgmPlay__Fi,0x0017E680,0x0017E6B0,48
ccBgmStop__Fv,0x0017E6B0,0x0017E6DC,44
wavPlay__Fv,0x0017E6E0,0x0017E810,304
ccEvVoiceRequest__Fii,0x0017E810,0x0017EC24,1044
ccMesVoicePlay__Fv,0x0017EC30,0x0017EC98,104
evVoicePlay__Fv,0x0017ECA0,0x0017EE3C,412
ccEvVoiceStop__Fv,0x0017EE40,0x0017EEA8,104
ccVoiceRequest__Fii,0x0017EEB0,0x0017FFE8,4408
ccCheckVoiceGrp__Fi,0x0017FFF0,0x001800DC,236
ccVoicePgFood__Fi,0x001800E0,0x001801C8,232
ccPgBgmInit__Fv,0x001801D0,0x00180358,392
ccPgBgmEnd__Fi,0x00180360,0x00180580,544
ccSndGameOver__Fv,0x00180580,0x00180778,504
ccSndGateHack__Fi,0x00180780,0x00180910,400
ccSndGateHackCtrl__Fv,0x00180910,0x00180B24,532
ccSndMoviePlayer__Fii,0x00180B30,0x00180E34,772
ccLoad_SndModules__Fv,0x00180E40,0x00180EC4,132
__ct__7ccSoundFv,0x00180ED0,0x0018100C,316
ccSoundMain__FPv,0x00181010,0x00181188,376
main_loop__Fi,0x00181190,0x001811EC,92
gameInterrupt__7ccSoundFv,0x001811F0,0x0018124C,92
ccFade__7ccSoundFv,0x00181250,0x0018143C,492
ccSceneFade__7ccSoundFv,0x00181440,0x001816E8,680
sdCommand__7ccSoundFv,0x001816F0,0x00181A60,880
ccSndCmd__Fii,0x00181A60,0x00181C20,448
ccTransToIOP__FPvPvi,0x00181C20,0x00181CD8,184
ccSndInit__Fv,0x00181CE0,0x00181D54,116
rpcInit__Fv,0x00181D60,0x00181DE8,136
rpcInit3__Fv,0x00181DF0,0x00181EE0,240
spuInit__Fv,0x00181EE0,0x00182050,368
ccSndCommSeLoad__Fv,0x00182050,0x001821C8,376
ccSndSQLoad__Fi,0x001821D0,0x00182C88,2744
ccSetCSL__Fv,0x00182C90,0x00182D68,216
ccSndSysWait__Fv,0x00182D70,0x00182DB4,68
ccSoundRpc__FPv,0x00182DC0,0x00182FB4,500
sqStatusGet__Fv,0x00182FC0,0x00183074,180
initBeforeLoad__7ccSoundFv,0x00183080,0x001830B8,56
initAfterLoad__7ccSoundFv,0x001830C0,0x001830F4,52
rpcInit2__Fv,0x00183100,0x00183188,136
ccSndCmd3__Fii,0x00183190,0x00183374,484
bgmChange__7ccSoundFv,0x00183380,0x001834D8,344
ccSndChangeData__FP8WaveDatai,0x001834E0,0x00183CF4,2068
sewordCmd__Fii,0x00183D00,0x00183DF8,248
sewordCmd2__FiPvi,0x00183E00,0x00183EA4,164
sewordCmd2a__Fii,0x00183EB0,0x00183F3C,140
strSeInit__7ccSoundFi,0x00183F40,0x00183FA4,100
strSeEnd__7ccSoundFv,0x00183FB0,0x00184044,148
ccSndGetStatus__Fv,0x00184050,0x0018414C,252
SetObj__10ccEventObjFUi,0x00184150,0x00184218,200
__dt__9ccStrPartFv,0x00184220,0x00184298,120
__dt__12ccPartCreateFv,0x001842A0,0x00184318,120
Ctrl__9ccStrPartFv,0x00184320,0x0018432C,12
Ctrl__12ccPartCreateFv,0x00184330,0x0018433C,12
ccSetStreamDemoNote__FP9ccAnmNote,0x00184340,0x0018443C,252
ccGetStreamDemoMsg__Fv,0x00184440,0x00184454,20
Func_str8000__FP6ccTscb,0x00184460,0x00185164,3332
Func_str8800__FP6ccTscb,0x00185170,0x00185E2C,3260
Func_str9001sub__FUiP15ccStrEffectCtrlP8ccStream,0x00185E30,0x00186208,984
Func_str9001__FP6ccTscb,0x00186210,0x00186AE4,2260
Func_str9000__FP6ccTscb,0x00186AF0,0x00187ACC,4060
Func_str7100__FP6ccTscb,0x00187AD0,0x001885C8,2808
Func_str0001__FP6ccTscb,0x001885D0,0x00189318,3400
Func_str0150__FP6ccTscb,0x00189320,0x00189E04,2788
Func_str0300__FP6ccTscb,0x00189E10,0x0018ABAC,3484
Func_str0240__FP6ccTscb,0x0018ABB0,0x0018B6F4,2884
Func_str0250__FP6ccTscb,0x0018B700,0x0018C77C,4220
Func_str0570__FP6ccTscb,0x0018C780,0x0018D7DC,4188
Ctrl__13ccObjPart0580Fv,0x0018D7E0,0x0018D89C,188
Ctrl__19ccObjPartCreate0580Fv,0x0018D8A0,0x0018DED4,1588
Ctrl__13ccEffPart0580Fv,0x0018DEE0,0x0018DFB4,212
Create__13ccEffPart0580FP12ccStrPartGrpP10ccEffChunkP7ccCoordP18ccEffPartParam0580,0x0018DFC0,0x0018E338,888
Func_str0580__FP6ccTscb,0x0018E340,0x001904A0,8544
Func_str0581__FP6ccTscb,0x001904A0,0x001919F0,5456
Func_str0090__FP6ccTscb,0x001919F0,0x001923A8,2488
Func_str0301__FP6ccTscb,0x001923B0,0x00192E7C,2764
Func_str0350__FP6ccTscb,0x00192E80,0x001938CC,2636
Func_str0305__FP6ccTscb,0x001938D0,0x00194404,2868
Func_str0110__FP6ccTscb,0x00194410,0x001950B0,3232
Func_str0120__FP6ccTscb,0x001950B0,0x001961B4,4356
Func_str0130__FP6ccTscb,0x001961C0,0x00196C00,2624
Func_str0610__FP6ccTscb,0x00196C00,0x0019798C,3468
ccInitStreamDemoThread__Fv,0x00197990,0x0019799C,12
ccEndStreamDemoThread__Fv,0x001979A0,0x001979C0,32
ccSetStreamDemoThread__FP8ccStream,0x001979C0,0x00197BA0,480
__dt__13ccEffPart0580Fv,0x00197BA0,0x00197C2C,140
__dt__19ccObjPartCreate0580Fv,0x00197C30,0x00197CBC,140
__dt__13ccObjPart0580Fv,0x00197CC0,0x00197D68,168
ccCheckReadBlock__Fv,0x00197D70,0x00197D7C,12
__ct__16ccStreamLoadPlayFv,0x00197D80,0x00197F38,440
WaitEnd__16ccStreamLoadPlayFv,0x00197F40,0x00198220,736
ResetPause__16ccStreamLoadPlayFv,0x00198220,0x0019824C,44
CheckPause__16ccStreamLoadPlayFv,0x00198250,0x001982A8,88
PrtBlock__16ccStreamLoadPlayFii,0x001982B0,0x001982B8,8
ExitScene__16ccStreamLoadPlayFv,0x001982C0,0x001982FC,60
ccReadThread__FP6ccTscb,0x00198300,0x00198328,40
ReadThread__16ccStreamLoadPlayFP6ccTscb,0x00198330,0x001986C4,916
ccGzipThread__FP6ccTscb,0x001986D0,0x001986F8,40
GzipDecodeThread__16ccStreamLoadPlayFP6ccTscb,0x00198700,0x00198800,256
ccDecodeThread__FP6ccTscb,0x00198800,0x00198828,40
DecodeThread__16ccStreamLoadPlayFP6ccTscb,0x00198830,0x00198D9C,1388
ccRequestLoadStream__Fi,0x00198DA0,0x00198EDC,316
ccStreamInit__Fi,0x00198EE0,0x00198FC0,224
RequestStrPlay__16ccStreamLoadPlayFi,0x00198FC0,0x00199690,1744
searchPreLoad__16ccStreamLoadPlayFv,0x00199690,0x00199768,216
ccLoadStreamOnMemReadTh__FP6ccTscb,0x00199770,0x001999D4,612
ccLoadStreamOnMemGzipTh__FP6ccTscb,0x001999E0,0x00199A40,96
ccLoadStreamOnMemDelete__FP18ccStreamLoadOnmTbl,0x00199A40,0x00199B0C,204
ccLoadStreamOnMem__16ccStreamLoadPlayFP10STREAMDATAPi,0x00199B10,0x00199EF8,1000
ccRequestLoadStreamGateHack__Fiii,0x00199F00,0x0019A0E0,480
RequestStrPlayGH__16ccStreamLoadPlayFii,0x0019A0E0,0x0019AAF0,2576
ccGetStreamFrame__Fv,0x0019AAF0,0x0019AB44,84
ccGetStreamNum__Fv,0x0019AB50,0x0019AB74,36
ccGetStreamAdrs__Fv,0x0019AB80,0x0019ABCC,76
ccGetStreamCode__Fv,0x0019ABD0,0x0019ABF4,36
__dt__10ccLoadDispFv,0x0019AC00,0x0019AD68,360
ccLoadDispInit__Fv,0x0019AD70,0x0019B554,2020
setupInit__10ccLoadDispFv,0x0019B560,0x0019B61C,188
townSetup__10ccLoadDispFv,0x0019B620,0x0019B7B0,400
serverSetup__10ccLoadDispFv,0x0019B7B0,0x0019B8A8,248
fieldSetup__10ccLoadDispFv,0x0019B8B0,0x0019BA50,416
allDisp__10ccLoadDispFi,0x0019BA50,0x0019BCA0,592
townDisp__10ccLoadDispFv,0x0019BCA0,0x0019BDE8,328
fieldDisp__10ccLoadDispFv,0x0019BDF0,0x0019BE9C,172
serverDisp__10ccLoadDispFv,0x0019BEA0,0x0019C25C,956
ccLoadDispThDel__FPv,0x0019C260,0x0019C28C,44
ccLoadDispTh__FPv,0x0019C290,0x0019C424,404
ccLoadDispCheck__Fv,0x0019C430,0x0019C454,36
fieldrand__FUi,0x0019C460,0x0019C4B0,80
MoveTexture__FP7MOVETEXP8ccStream,0x0019C4B0,0x0019C5AC,252
__ct__9WORLD_MANFv,0x0019C5B0,0x0019C734,388
Quit__9WORLD_MANFv,0x0019C740,0x0019CCA4,1380
Init__9WORLD_MANFv,0x0019CCB0,0x0019CEAC,508
IsProtectArea__9WORLD_MANFv,0x0019CEB0,0x0019CF48,152
SetDungeonTypeFromField__9WORLD_MANFv,0x0019CF50,0x0019D350,1024
GetEventAreaInfo__9WORLD_MANFv,0x0019D350,0x0019D3B0,96
GetEventAreaInfo__9WORLD_MANFi,0x0019D3B0,0x0019D410,96
RequestCCS__9WORLD_MANFi,0x0019D410,0x0019DC94,2180
RoomSelect__9WORLD_MANFii,0x0019DCA0,0x0019DD98,248
Enter__9WORLD_MANFPf,0x0019DDA0,0x0019E408,1640
GoField__9WORLD_MANFv,0x0019E410,0x0019E4D0,192
GetCenter__9WORLD_MANFPf,0x0019E4D0,0x0019E4FC,44
CopyWordParam__FP9WORDPARAMP9WORDPARAM,0x0019E500,0x0019E5B8,184
SimGenerateCode__9WORLD_MANFiii,0x0019E5C0,0x0019EE9C,2268
SetGenerateCode__9WORLD_MANFiii,0x0019EEA0,0x0019EF44,164
GetTime__9WORLD_MANFv,0x0019EF50,0x0019F0B0,352
GetBG__9WORLD_MANFv,0x0019F0B0,0x0019F0BC,12
GetFieldType__9WORLD_MANFv,0x0019F0C0,0x0019F0CC,12
CheckLensFlare__9WORLD_MANFv,0x0019F0D0,0x0019F18C,188
GetWeather__9WORLD_MANFv,0x0019F190,0x0019F2D0,320
DeleteEvent__9WORLD_MANFv,0x0019F2D0,0x0019F4B0,480
SetDungeonTexClut__9WORLD_MANFv,0x0019F4B0,0x0019F8D4,1060
GO__9WORLD_MANFi,0x0019F8E0,0x001A0ED0,5616
Draw__9EVENTAREAFv,0x001A0ED0,0x001A0ED8,8
Draw__8ROOTTOWNFv,0x001A0EE0,0x001A0EE8,8
SetCenter__9WORLD_MANFff,0x001A0EF0,0x001A0FC4,212
AddCenter__9WORLD_MANFff,0x001A0FD0,0x001A10B4,228
GetHeight__9WORLD_MANFff,0x001A10C0,0x001A1184,196
SetCharPosition__9WORLD_MANFPfPfPfPf,0x001A1190,0x001A1EA0,3344
SetStartPos__9WORLD_MANFPf,0x001A1EA0,0x001A1F20,128
EntryGimmick__9WORLD_MANFv,0x001A1F20,0x001A20B0,400
SetActiveLayer__9WORLD_MANFi,0x001A20B0,0x001A214C,48
GetTownType__9WORLD_MANFv,0x001A2150,0x001A2160,16
GetDungeonType__9WORLD_MANFv,0x001A2160,0x001A217C,28
CheckEventArea__9WORLD_MANFv,0x001A2180,0x001A218C,12
GetEventAreaNumber__9WORLD_MANFv,0x001A2190,0x001A219C,12
SetLightDirection__9WORLD_MANFP14ccDistantLight,0x001A21A0,0x001A21D0,48
SleepDistantLight__9WORLD_MANFv,0x001A21D0,0x001A21E8,24
AwakeDistantLight__9WORLD_MANFv,0x001A21F0,0x001A2204,20
Get2DPos__9WORLD_MANFPfPf,0x001A2210,0x001A2250,64
Get3DPos__9WORLD_MANFPfPf,0x001A2250,0x001A22B0,96
Get2DMapPtr__9WORLD_MANFv,0x001A22B0,0x001A22E4,52
Get2DMapInfo__9WORLD_MANFPi,0x001A22F0,0x001A233C,76
GetWordParamPtr__9WORLD_MANFiii,0x001A2340,0x001A25D0,656
GetWordParamPtr__9WORLD_MANFi,0x001A25D0,0x001A2998,968
GetWordParamFromEvCode__9WORLD_MANFii,0x001A29A0,0x001A2FA0,1536
GetWordParamPart__9WORLD_MANFi,0x001A2FA0,0x001A3370,976
GetWordParamID__9WORLD_MANFPc,0x001A3370,0x001A3830,1216
GetFieldAttrb__9WORLD_MANFv,0x001A3830,0x001A3960,304
GetFood__9WORLD_MANFv,0x001A3960,0x001A3AB8,344
SetTransMode__9WORLD_MANFi,0x001A3AC0,0x001A3ACC,12
GetTransMode__9WORLD_MANFv,0x001A3AD0,0x001A3ADC,12
SetTransCenter__9WORLD_MANFPf,0x001A3AE0,0x001A3B04,36
GetTransCenter__9WORLD_MANFPf,0x001A3B10,0x001A3B3C,44
SetTransDiff__9WORLD_MANFPf,0x001A3B40,0x001A3B64,36
SetMapAlpha__9WORLD_MANFf,0x001A3B70,0x001A3B7C,12
GetMapAlpha__9WORLD_MANFv,0x001A3B80,0x001A3B8C,12
SetABC__9WORLD_MANFv,0x001A3B90,0x001A3C34,164
SetEventData__9WORLD_MANFv,0x001A3C40,0x001A3EDC,668
ShowMap__9WORLD_MANFv,0x001A3EE0,0x001A3FCC,236
ChangeMapMode__9WORLD_MANFv,0x001A3FD0,0x001A406C,156
SetPrevRoom__9WORLD_MANFPf,0x001A4070,0x001A40AC,60
GoPrevRoom__9WORLD_MANFv,0x001A40B0,0x001A4128,120
SetDungeonMarkerPoint__9WORLD_MANFPfPf,0x001A4130,0x001A417C,76
GetDungeonMarkerPoint__9WORLD_MANFPfPf,0x001A4180,0x001A41D0,80
SetLastStage__9WORLD_MANFv,0x001A41D0,0x001A421C,76
ccGetEventAreaInfo__Fi,0x001A4220,0x001A4288,104
ccCheckEventAreaNum__Fiii,0x001A4290,0x001A4400,368
ccThFieldDispDelete__FPv,0x001A4400,0x001A4424,36
ccThFieldDisp__FPv,0x001A4430,0x001A4554,292
fieldSel__Fv,0x001A4560,0x001A4568,8
dungeonSel__Fv,0x001A4570,0x001A4578,8
__ct__9ccMessageFv,0x001A4580,0x001A4668,232
__dt__9ccMessageFv,0x001A4670,0x001A4730,192
Disp__9ccMessageFv,0x001A4730,0x001A5150,2592
Close__9ccMessageFv,0x001A5150,0x001A518C,60
CloseInstant__9ccMessageFv,0x001A5190,0x001A51A8,24
SetMsg__9ccMessageFP9ccMsgDataPc,0x001A51B0,0x001A53D8,552
Open__9ccMessageFP9ccMsgDataPcii,0x001A53E0,0x001A549C,188
Change__9ccMessageFP9ccMsgDataPcii,0x001A54A0,0x001A5580,224
SetMsg__9ccMessageFP11ccEvMsgDataPc,0x001A5580,0x001A5790,528
Open__9ccMessageFP11ccEvMsgDataPcii,0x001A5790,0x001A5860,208
Change__9ccMessageFP11ccEvMsgDataPcii,0x001A5860,0x001A5954,244
Check__9ccMessageFi,0x001A5960,0x001A5D6C,1036
DispMsg__9ccMessageFP9ccMsgDataPc,0x001A5D70,0x001A5DDC,108
DispMsg__9ccMessageFP11ccEvMsgDataPc,0x001A5DE0,0x001A5E4C,108
SetInfo__9ccMessageFPPc,0x001A5E50,0x001A5F50,256
OpenInfo__9ccMessageFPcPcPcPcii,0x001A5F50,0x001A5FF8,168
ChangeInfo__9ccMessageFPcPcPcPcii,0x001A6000,0x001A60D8,216
DispInfo__9ccMessageFPcPcPcPc,0x001A60E0,0x001A6160,128
__ct__9ccChatMsgFv,0x001A6160,0x001A626C,268
__dt__9ccChatMsgFv,0x001A6270,0x001A6318,168
Disp__9ccChatMsgFi,0x001A6320,0x001A6684,868
CheckScope__9ccChatMsgFv,0x001A6690,0x001A67BC,300
OpenChat__9ccChatMsgFP6ccCharPc,0x001A67C0,0x001A68FC,316
CloseChat__9ccChatMsgFv,0x001A6900,0x001A6934,52
DrawWindow__9ccChatMsgFiiiii,0x001A6940,0x001A6C68,808
__ct__7ccEventFv,0x001A6C70,0x001A6CA0,48
Init__7ccEventFv,0x001A6CA0,0x001A6E64,452
ClearCurrentOpen__7ccEventFv,0x001A6E70,0x001A6EB4,68
SetCurrentOpen__7ccEventFPs,0x001A6EC0,0x001A7118,600
CheckCurrentOpen__7ccEventFi,0x001A7120,0x001A73F4,724
CheckOpen__7ccEventFRPsiii,0x001A7400,0x001A8D18,6424
Execute__7ccEventFRPsiii,0x001A8D20,0x001B2454,38708
MenuBan__7ccEventFv,0x001B2460,0x001B25C0,352
MenuClr__7ccEventFv,0x001B25C0,0x001B27A8,488
DispInfo__7ccEventFPcPcPc,0x001B27B0,0x001B2BAC,1020
GetSpc__7ccEventFi,0x001B2BB0,0x001B2CC0,272
GetNpc__7ccEventFi,0x001B2CC0,0x001B2D50,144
GetEnemy__7ccEventFi,0x001B2D50,0x001B2DB8,104
AddTarget__7ccEventFP10ccEvTarget,0x001B2DC0,0x001B2E80,192
DelTarget__7ccEventFP10ccEvTarget,0x001B2E80,0x001B2EF0,112
AddEntry__7ccEventFP9ccEvEntry,0x001B2EF0,0x001B2F68,120
AddEntryMc__7ccEventFP11ccEvEntryMc,0x001B2F70,0x001B2FE8,120
AddAreaCode__7ccEventFP12ccEvAreaCode,0x001B2FF0,0x001B3098,168
DelAreaCode__7ccEventFP12ccEvAreaCode,0x001B30A0,0x001B30FC,92
CheckAreaCode__7ccEventFsss,0x001B3100,0x001B32EC,492
CheckOperate__7ccEventFii,0x001B32F0,0x001B33D0,224
AddOperate__7ccEventFiii,0x001B33D0,0x001B34A0,208
DelOperate__7ccEventFiii,0x001B34A0,0x001B3590,240
SetEventPos__7ccEventFiiifPf,0x001B3590,0x001B361C,140
SetEventPoint__7ccEventFiii,0x001B3620,0x001B3678,88
CamCtrl__7ccEventFv,0x001B3680,0x001B4778,4344
CamzCtrl__7ccEventFv,0x001B4780,0x001B48D8,344
CamzMovMain__7ccEventFP8ccEvCamz,0x001B48E0,0x001B4B18,568
CamzInpCtrl__7ccEventFv,0x001B4B20,0x001B4C78,344
CamzInpMain__7ccEventFP8ccEvCamz,0x001B4C80,0x001B4FF0,880
ccThCameraExecute__FP6ccTscb,0x001B4FF0,0x001B503C,76
ccThEvHold__FP6ccTscb,0x001B5040,0x001B5228,488
ccStartThEvent__Fv,0x001B5230,0x001B52BC,140
ccEnableThEvent__Fi,0x001B52C0,0x001B5358,152
ccDisableThEvent__Fv,0x001B5360,0x001B5374,20
ccStartEvent__Fii,0x001B5380,0x001B55E8,616
ccStartEventConvert__Fv,0x001B55F0,0x001B566C,124
ccEventStream__Fii,0x001B5670,0x001B5A58,1000
ccThEvent__FP6ccTscb,0x001B5A60,0x001B5EEC,1164
eventSub__Fi,0x001B5EF0,0x001B6154,612
ccEventFlagSet__Fi,0x001B6160,0x001B62E0,384
ccEntryEventMng__Fv,0x001B62E0,0x001B6CF0,2576
ccEntryRandomNpc__Fv,0x001B6CF0,0x001B6D6C,124
ccRegisterEventMng__Fi,0x001B6D70,0x001B7014,676
ccRegisterDifficultyEnemy__Fv,0x001B7020,0x001B71B0,400
ccRegisterRegularGimmick__Fv,0x001B71B0,0x001B7618,1128
ccRegisterRegularNpc__Fv,0x001B7620,0x001B7660,64
ccRegisterRandomNpc__Fi,0x001B7660,0x001B77B8,344
ccClearGtHack__Fv,0x001B77C0,0x001B783C,124
ccSetGtHack__Fv,0x001B7840,0x001B7850,16
ccCheckGtHack__Fv,0x001B7850,0x001B785C,12
__ct__12ccMenuWindowFv,0x001B7860,0x001B78AC,76
InitCursol__12ccMenuWindowFi,0x001B78B0,0x001B790C,92
DispSelectCursol__12ccMenuWindowFffiiii,0x001B7910,0x001B814C,2108
SetType__12ccMenuWindowFi,0x001B8150,0x001B8260,272
DispLine__12ccMenuWindowFiiPc,0x001B8260,0x001B8B70,124
DispSquare__12ccMenuWindowFiiPc,0x001B8B70,0x001B8C90,288
DispSquareName__12ccMenuWindowFii,0x001B8C90,0x001B8D88,248
DispSquareTag__12ccMenuWindowFiiiii,0x001B8D90,0x001B9160,976
DispSquareW2__12ccMenuWindowFiiiPc,0x001B9160,0x001B9354,500
DispSquareSB__12ccMenuWindowFiiiiiPc,0x001B9360,0x001B94C8,360
DispScrollBar__12ccMenuWindowFiiii,0x001B94D0,0x001B97EC,796
DispSlideBar__12ccMenuWindowFiii,0x001B97F0,0x001B9A74,644
DispLineH__12ccMenuWindowFi,0x001B9A80,0x001B9B84,260
DispLineV__12ccMenuWindowFi,0x001B9B90,0x001B9C98,264
DispButton__12ccMenuWindowFi,0x001B9CA0,0x001BA65C,2492
DispTarget__12ccMenuWindowFii,0x001BA660,0x001BAA0C,940
DispPageCursol__12ccMenuWindowFi,0x001BAA10,0x001BAF50,1344
ccInitMenuWindow__FP7ccLayer,0x001BAF50,0x001BAFF4,164
ccDelMenuWindow__Fv,0x001BB000,0x001BB028,40
__ct__10ccMenuListFv,0x001BB030,0x001BB078,72
__ct__6ccNoizFv,0x001BB080,0x001BB244,452
__dt__6ccNoizFv,0x001BB250,0x001BB2DC,140
SetNoizRn__6ccNoizFi,0x001BB2E0,0x001BB404,292
SetNoizBs__6ccNoizFi,0x001BB410,0x001BB474,100
SetNoizBr__6ccNoizFi,0x001BB480,0x001BB4A8,40
SetNoiz__6ccNoizFiii,0x001BB4B0,0x001BB68C,476
Draw__6ccNoizFv,0x001BB690,0x001BB824,404
__ct__11ccFacePanelFP7ccLayer,0x001BB830,0x001BB988,344
__dt__11ccFacePanelFv,0x001BB990,0x001BBA28,152
Draw__11ccFacePanelFffi,0x001BBA30,0x001BC2F0,2240
ccThParticle__FPv,0x001BC2F0,0x001BC3B4,196
ccThParticleDelete__FPv,0x001BC3C0,0x001BC3EC,44
ccThParticleStrDelete__FPv,0x001BC3F0,0x001BC420,48
ccParticleHitMark__FPf,0x001BC420,0x001BC4A8,136
ccParticleHeal__FP6ccChari,0x001BC4B0,0x001BC53C,140
ccParticleCritical__FP6ccChar,0x001BC540,0x001BC6CC,396
ccParticleDying__FP6ccChar,0x001BC6D0,0x001BC8C0,496
ccParticleNoDamage__FP6ccChar,0x001BC8C0,0x001BCA90,464
ccParticleAttributeCritical__FP6ccChar,0x001BCA90,0x001BCC40,432
ccParticleAttributeGuard__FP6ccCharP6ccChar,0x001BCC40,0x001BCCD0,144
ccParticleExplode__FPfPffi,0x001BCCD0,0x001BCDDC,268
Calc__20ccParticleForceFieldFPv,0x001BCDE0,0x001BD918,2872
__ct__19ccParticleGeneratorFP24ccParticleGeneratorParamP25ccParticleForceFieldParamP25ccParticleForceFieldParamP25ccParticleForceFieldParamP25ccParticleForceFieldParam,0x001BD920,0x001BDCFC,988
__dt__19ccParticleGeneratorFv,0x001BDD00,0x001BDDA0,160
Generate__19ccParticleGeneratorFv,0x001BDDA0,0x001BECFC,3932
Main__19ccParticleGeneratorFv,0x001BED00,0x001BF06C,876
ParticleKill__19ccParticleGeneratorFv,0x001BF070,0x001BF0AC,60
ParticleDelete__19ccParticleGeneratorFv,0x001BF0B0,0x001BF0EC,60
Setup__10ccParticleFP19ccParticleGeneratoriii,0x001BF0F0,0x001BF8D0,2016
Main__10ccParticleFv,0x001BF8D0,0x001C061C,3404
MainStr__10ccParticleFv,0x001C0620,0x001C0D78,1880
__ct__14ccParticleCtrlFi,0x001C0D80,0x001C0DB0,48
__dt__14ccParticleCtrlFv,0x001C0DB0,0x001C0E10,96
InitParticleCtrl__14ccParticleCtrlFi,0x001C0E10,0x001C0F40,304
FreeParticleCtrl__14ccParticleCtrlFv,0x001C0F40,0x001C10D0,400
GenerateParticle__14ccParticleCtrlFv,0x001C10D0,0x001C11AC,220
DelGenerator__14ccParticleCtrlFP19ccParticleGenerator,0x001C11B0,0x001C122C,124
Main__14ccParticleCtrlFv,0x001C1230,0x001C13E4,436
__ct__17ccConditionEffectFP6ccChari,0x001C13F0,0x001C2360,3952
__dt__17ccConditionEffectFv,0x001C2360,0x001C249C,316
setConditionEffect__FP6ccChar,0x001C24A0,0x001C24EC,76
killConditionEffect__FP17ccConditionEffect,0x001C24F0,0x001C2520,48
deleteConditionEffect__FP17ccConditionEffect,0x001C2520,0x001C2554,52
startParticleEffect__FP6ccChari,0x001C2560,0x001C2764,516
startParticleEffect2__FPA4_fPA4_fiPi,0x001C2770,0x001C2918,424
startParticleGenerator__FP19ccParticleGenerator,0x001C2920,0x001C2940,32
ccParticleSetup__FiPfiiP19ccParticleGenerator,0x001C2940,0x001C29F8,184
ccParticleAdrs__Fi,0x001C2A00,0x001C2A1C,28
ccParticleCtrlAddGenerator__FP19ccParticleGenerator,0x001C2A20,0x001C2AAC,140
ccParticleCtrlParticleCountUp__Fv,0x001C2AB0,0x001C2AEC,60
ccParticleCtrlGenerateParticle__Fv,0x001C2AF0,0x001C2B34,68
ccCheckParticleGenerator__FP19ccParticleGenerator,0x001C2B40,0x001C2C2C,236
ccSetQuaternion__FPfPff,0x001C2C30,0x001C2CE8,184
ccQuaternionToMatrix__FPA4_fPf,0x001C2CF0,0x001C2E5C,364
ccThEffect__FPv,0x001C2E60,0x001C2F1C,188
ccThEffectDelete__FPv,0x001C2F20,0x001C2F64,68
ccThEffectStr__FPv,0x001C2F70,0x001C2FF4,132
ccThEffectStrDelete__FPv,0x001C3000,0x001C3028,40
__ct__12ccEffectCtrlFi,0x001C3030,0x001C35E4,1460
__dt__12ccEffectCtrlFv,0x001C35F0,0x001C389C,684
Main__12ccEffectCtrlFv,0x001C38A0,0x001C39B8,280
MainStr__12ccEffectCtrlFv,0x001C39C0,0x001C3A5C,156
ccNewEffect__Fi,0x001C3A60,0x001C3AF0,144
InitEffect__8ccEffectFii,0x001C3AF0,0x001C3E0C,796
Main__8ccEffectFv,0x001C3E10,0x001CC0BC,33452
FadeIn__8ccEffectFii,0x001CC0C0,0x001CC11C,92
FadeOut__8ccEffectFii,0x001CC120,0x001CC18C,108
FadeInOut__8ccEffectFiii,0x001CC190,0x001CC238,168
InitEffect__9ccEffect2Fi,0x001CC240,0x001CC284,68
Main__9ccEffect2Fv,0x001CC290,0x001CC3DC,332
effHitMark__FPf,0x001CC3E0,0x001CC404,36
effHitRing__FPfPf,0x001CC410,0x001CC544,308
effHitPhoton__FPfPf,0x001CC550,0x001CC620,208
effHitMarkStr__FPfPfP7ccLayer,0x001CC620,0x001CC884,612
effAttributeGuard__FP6ccCharP6ccChar,0x001CC890,0x001CCB3C,684
effAttributeCritical__FP6ccChar,0x001CCB40,0x001CCCEC,428
effHealSkill__FP6ccChari,0x001CCCF0,0x001CCD14,36
effHeal__FP6ccChari,0x001CCD20,0x001CCEB4,404
effFlareRing__FPfi,0x001CCEC0,0x001CD048,392
effHugeFlareRing__FPfi,0x001CD050,0x001CD1D8,392
effStackRangeRing__FPfi,0x001CD1E0,0x001CD378,408
effAfterDrain__FP6ccChari,0x001CD380,0x001CD4E0,352
effMeteoFireBall2__FPfP6ccChari,0x001CD4E0,0x001CDA24,1348
effSmokeRock__FPfPffiii,0x001CDA30,0x001CDDD4,932
effLevelUp__FP6ccChar,0x001CDDE0,0x001CDEE8,264
effTransferRing__FP6ccCharf,0x001CDEF0,0x001CE018,296
effTransfer__FP6ccChar,0x001CE020,0x001CE120,256
effWarpTransfer__FP6ccChar,0x001CE120,0x001CE220,256
effTransferStr__FPffP7ccLayer,0x001CE220,0x001CE300,224
effSmoke__FPfPffiiUsUs,0x001CE300,0x001CE490,400
effSmokeN__FPfPffiiUsUs,0x001CE490,0x001CE63C,428
ccEffPawSmoke__FP6ccCharf,0x001CE640,0x001CEA9C,1116
effIceRock__FPfPfffi,0x001CEAA0,0x001CED3C,668
effOpenBox__FPf,0x001CED40,0x001CEDCC,140
effResurrect__FP6ccChar,0x001CEDD0,0x001CEF4C,380
effCure__FP6ccChar,0x001CEF50,0x001CF0CC,380
effSanity__FP6ccChar,0x001CF0D0,0x001CF24C,380
effProtect__FP6ccCharii,0x001CF250,0x001CF414,452
effVirusCrystal__FPf,0x001CF420,0x001CF53C,284
effWoodFragment__FPfPfffii,0x001CF540,0x001CF8A4,868
effEggshellFragment__FPfPfffii,0x001CF8B0,0x001CFC14,868
effPotFragment__FPfPfffii,0x001CFC20,0x001CFF84,868
effBoneFragment__FPfPfffii,0x001CFF90,0x001D02F4,868
effCrushBarrel__FPfi,0x001D0300,0x001D0414,276
effCrushEgg__FPfi,0x001D0420,0x001D0534,276
effCrushPot__FPfi,0x001D0540,0x001D0654,276
effCrushCorpse__FPfi,0x001D0660,0x001D0774,276
effOpenTrapBox__FPfii,0x001D0780,0x001D097C,508
effRemoveTrap__FPfii,0x001D0980,0x001D0AD8,344
effFountain__FPfPi,0x001D0AE0,0x001D0BDC,252
effBossRoomEntrance__FPfPi,0x001D0BE0,0x001D0C84,164
effDungeonEntrance__FPfPii,0x001D0C90,0x001D0D64,212
effUseSymbol__FPf,0x001D0D70,0x001D0E58,232
effStatueOfGod__FPfPi,0x001D0E60,0x001D0EFC,156
effEvolvePG__FP6ccChar,0x001D0F00,0x001D0FC0,192
_gcmn_text_size,0x001D0FC0,0x001D0FC4,4
effGrowPG__FP6ccChar,0x001D0FD0,0x001D1084,180
effMagicAttackSign__FP6ccChari,0x001D1090,0x001D1298,520
effUpheavalFragment__FPfPffii,0x001D12A0,0x001D1734,1172
effUpheavalFlash__FPfPffii,0x001D1740,0x001D1A94,852
effSummonsRing__FPfiii,0x001D1AA0,0x001D1D2C,652
effSummonsElement__FPfffii,0x001D1D30,0x001D1F10,480
effSummonsShockWave__FPfii,0x001D1F10,0x001D22B0,928
effSmmonsFragment__FPfPffii,0x001D22B0,0x001D2784,1236
effPhysicalSkillHitShockWave__FPfi,0x001D2790,0x001D2D74,1508
effSkillExecRing__FP6ccCharPfii,0x001D2D80,0x001D2F4C,460
effSkillExecForceRing__FP6ccCharii,0x001D2F50,0x001D3100,432
effSkillExecForceRing2__FP6ccCharii,0x001D3100,0x001D32B0,432
effSkillExecSummonsCircle__FP6ccCharPfii,0x001D32B0,0x001D3450,416
effSkillExecCircle__FP6ccCharPfii,0x001D3450,0x001D35F0,416
effSkillStart__FP6ccChariii,0x001D35F0,0x001D3650,96
effSkillStart__FP6ccCharP12ccSkillParamii,0x001D3650,0x001D39CC,892
effSkillStartEffect__FP6ccCharii,0x001D39D0,0x001D3CF4,804
effSkillTornadeRings__FP6ccCharii,0x001D3D00,0x001D3D7C,124
effSkillTornadeRingsPos__FPfii,0x001D3D80,0x001D434C,1484
effSkillTornadeRingsPos__FPfPfii,0x001D4350,0x001D48AC,1372
effSkillTornadeSmoke__FPfPfii,0x001D48B0,0x001D4A1C,364
effDarkSmoke__FPfPffi,0x001D4A20,0x001D4CC4,676
effRadiateSomething__FPfPffii,0x001D4CD0,0x001D5110,1088
effRadiateSomething2__FPfPffii,0x001D5110,0x001D5560,1104
effSkillTornadeObjectPos__FPfPfii,0x001D5560,0x001D5674,276
effSkillTornadeObjectPos__FPfPfPfii,0x001D5680,0x001D57B0,304
effSkillTornadeObjPos__FPfPfPfi,0x001D57B0,0x001D5B14,868
effSkillTornadeThunderPos__FPfi,0x001D5B20,0x001D5C48,296
effSkillTornadeThunderPos__FPfPfi,0x001D5C50,0x001D5D94,324
effSkillChargeObject__FP6ccCharii,0x001D5DA0,0x001D5EAC,268
effSkillChargeObj__FP6ccCharfiPii,0x001D5EB0,0x001D6408,1368
effSmokeIce__FPfPfffi,0x001D6410,0x001D674C,828
effSmokeSparks__FPfPfffi,0x001D6750,0x001D6A64,788
effSmokeLeaf__FPfPfffi,0x001D6A70,0x001D6DA4,820
effSmokeElectric__FPfPfffi,0x001D6DB0,0x001D7054,676
effSmokeSmoke__FPfPfffi,0x001D7060,0x001D7374,788
effAbilityUp__FP6ccChari,0x001D7380,0x001D762C,684
effAbilityDown__FP6ccChari,0x001D7630,0x001D78BC,652
checkEffAbilityColor__Fi,0x001D78C0,0x001D79E4,292
effDrainCtrl__FP6ccCharP6ccChariii,0x001D79F0,0x001D7C38,584
effDrain__FP6ccCharP6ccCharii,0x001D7C40,0x001D80BC,1148
effSkillBreakSE__FPfi,0x001D80C0,0x001D8188,200
effSBLockon__FPf,0x001D8190,0x001D824C,188
effSBLockonMark__FPf,0x001D8250,0x001D8328,216
effSBStackNum__FPf,0x001D8330,0x001D8408,216
effTCDrillMissile__FPfPfi,0x001D8410,0x001D8810,1024
MainStr__8ccEffectFv,0x001D8810,0x001D9510,3328
effCheckAttributeGuardEntry__FP6ccChar,0x001D9510,0x001D9560,80
effAddAttributeGuardEntry__FP6ccChar,0x001D9560,0x001D95B8,88
effDelAttributeGuardEntry__FP6ccChar,0x001D95C0,0x001D9618,88
genrand__Fv,0x001D9620,0x001D9900,736
ccInitRand__Fv,0x001D9900,0x001D9A08,264
ccRand__Fv,0x001D9A10,0x001D9A38,40
ccRandF__Fv,0x001D9A40,0x001D9A88,72
ccRandF__Ff,0x001D9A90,0x001D9B20,144
ccRandF__Fff,0x001D9B20,0x001D9C08,232
ccRandS__Fv,0x001D9C10,0x001D9C44,52
ccGetDirc0__FPfPf,0x001D9C50,0x001D9CE0,144
ccGetDirc__FPfPf,0x001D9CE0,0x001D9DC4,228
ccGetDist__FPfPf,0x001D9DD0,0x001D9E40,112
ccGetDist3D__FPfPf,0x001D9E40,0x001D9EAC,108
ccGetDircChg__Fssi,0x001D9EB0,0x001DA030,384
ccGetDircChgF__Fffi,0x001DA030,0x001DA0B0,128
ccSetDirc__FPffi,0x001DA0B0,0x001DA148,152
ccSetRad__FPfff,0x001DA150,0x001DA494,836
ccSetRadDisperse__FPff,0x001DA4A0,0x001DA5C8,296
ccSetDist__FPfff,0x001DA5D0,0x001DA604,52
ccGetDircPL__FPf,0x001DA610,0x001DA708,248
ccCheckCameraDeg__FPfs,0x001DA710,0x001DA874,356
ccGetCameraTransparency__FPfffff,0x001DA880,0x001DA8A8,40
ccGetCameraTransparency__FPfffffRi,0x001DA8B0,0x001DAB48,664
RAD2DEG__Ff,0x001DAB50,0x001DABA8,88
DEG2RAD__Fs,0x001DABB0,0x001DABFC,76
__sinit_system.cpp,0x00375100,0x003751EC,236
__sinit_iostream.cpp,0x003751F0,0x00375208,24
__sinit_libcc3d.cpp,0x00375210,0x00375308,248
__sinit_mother.cpp,0x00375310,0x003753E0,208
__sinit_sdmng.cpp,0x003753E0,0x00375684,676
__sinit_sndSYS.CPP,0x00375690,0x00375740,176
__sinit_world_man.cpp,0x00375740,0x00375780,64
__sinit_evmng.cpp,0x00375780,0x00375830,176
__sinit_effect.cpp,0x00375830,0x00375968,312
